offender_id,name,age,gender,home_district,prior_convictions,mo_transport,mo_entry,mo_weapon,mo_target,mo_timeband,is_alias_record,true_identity_id
OFF00001,Advik Maharaj,28,M,Davanagere,0,None,Deception/impersonation,Blunt object,Online account,Evening (17-21),False,
OFF00002,Isaac Dewan,30,F,Raichur,1,Two-wheeler,N/A,None,Online account,Night (21-24),False,
OFF00003,Chameli Sami,42,M,Kalaburagi,1,Two-wheeler,Forced entry,Knife,Residence,Early morning (12-6),False,
OFF00004,Amruta Chander,25,F,Raichur,1,Car,Online/remote,Knife,Residence,Morning (6-12),False,
OFF00005,Jackson Tiwari,24,M,Vijayapura,1,Two-wheeler,N/A,Knife,Vehicle,Morning (6-12),False,
OFF00006,Hardik Saini,37,M,Yadgir,0,None,Unlocked access,Knife,Individual - stranger,Morning (6-12),False,
OFF00007,Udarsh Mall,31,M,Raichur,1,Car,Forced entry,None,Vehicle,Afternoon (12-17),False,
OFF00008,Fariq Sami,27,M,Ramanagara,1,Auto-rickshaw,Unlocked access,None,Individual - known,Night (21-24),False,
OFF00009,Liam Dugal,19,M,Bidar,1,None,Online/remote,None,Individual - known,Night (21-24),False,
OFF00010,Om Chaudry,18,M,Kodagu,2,Two-wheeler,Unlocked access,Knife,Online account,Evening (17-21),False,
OFF00011,Ranveer Chatterjee,22,M,Chitradurga,1,Auto-rickshaw,N/A,None,Vehicle,Early morning (12-6),False,
OFF00012,Orinder Lalla,28,M,Ramanagara,1,None,Deception/impersonation,Blunt object,Residence,Early morning (12-6),False,
OFF00013,Victor Yadav,34,M,Bengaluru Urban,0,Car,N/A,Blunt object,Vehicle,Early morning (12-6),False,
OFF00014,Saanvi Brar,41,M,Koppal,0,None,N/A,None,Residence,Morning (6-12),False,
OFF00015,Pratyush Handa,25,M,Mandya,2,Two-wheeler,N/A,None,Individual - stranger,Early morning (12-6),False,
OFF00016,Aradhana Kari,30,F,Chamarajanagar,0,Car,Unlocked access,None,Vehicle,Early morning (12-6),False,
OFF00017,Balveer Kaul,39,M,Mysuru,3,None,Unlocked access,None,Commercial estab.,Night (21-24),False,
OFF00018,Ranveer Mall,24,M,Chitradurga,0,Auto-rickshaw,Unlocked access,Chemical/spray,Online account,Morning (6-12),False,
OFF00019,Qabil Gaba,31,M,Gadag,0,Car,Online/remote,Firearm,Commercial estab.,Early morning (12-6),False,
OFF00020,Peter Kadakia,42,M,Bengaluru Urban,1,None,N/A,None,Individual - known,Early morning (12-6),False,
OFF00021,Balendra Garg,26,M,Ballari,0,Two-wheeler,Forced entry,Firearm,Individual - stranger,Night (21-24),False,
OFF00022,Finn Shere,28,M,Kalaburagi,0,None,Unlocked access,Blunt object,Vehicle,Night (21-24),False,
OFF00023,Krishna Kanda,40,M,Uttara Kannada,2,Auto-rickshaw,Unlocked access,None,Online account,Evening (17-21),False,
OFF00024,Ayaan Karnik,35,M,Kodagu,0,Two-wheeler,Forced entry,None,Online account,Afternoon (12-17),False,
OFF00025,Nakul Rattan,25,M,Kalaburagi,1,On foot,N/A,None,Commercial estab.,Morning (6-12),False,
OFF00026,Bachittar Kakar,33,M,Yadgir,1,Two-wheeler,Online/remote,Blunt object,Vehicle,Early morning (12-6),False,
OFF00027,Hitesh Tata,29,F,Chamarajanagar,1,Two-wheeler,Forced entry,Chemical/spray,Individual - known,Morning (6-12),False,
OFF00028,Veer Dhar,37,M,Kodagu,1,Auto-rickshaw,Forced entry,None,Individual - stranger,Evening (17-21),False,
OFF00029,Ekaraj Koshy,49,M,Chikkamagaluru,1,Car,Online/remote,Knife,Online account,Night (21-24),False,
OFF00030,Tanish Rastogi,32,M,Kalaburagi,1,Car,Unlocked access,Chemical/spray,Vehicle,Night (21-24),False,
OFF00031,Imaran Devi,28,M,Bengaluru Rural,1,None,Online/remote,None,Vehicle,Morning (6-12),False,
OFF00032,Chakradev Batta,37,M,Kodagu,0,On foot,Forced entry,Knife,Online account,Morning (6-12),False,
OFF00033,Faraj Dutta,16,F,Chikkaballapur,1,On foot,N/A,Knife,Vehicle,Early morning (12-6),False,
OFF00034,Azad Rajan,24,M,Mandya,3,Car,Deception/impersonation,None,Online account,Afternoon (12-17),False,
OFF00035,Vivaan Wadhwa,37,M,Gadag,1,Car,Online/remote,None,Individual - stranger,Early morning (12-6),False,
OFF00036,Abdul Contractor,23,F,Dakshina Kannada,3,Two-wheeler,N/A,None,Residence,Morning (6-12),False,
OFF00037,Panini Choudhury,17,F,Ramanagara,2,On foot,Deception/impersonation,None,Commercial estab.,Night (21-24),False,
OFF00038,Teerth Dugar,45,M,Uttara Kannada,0,None,Forced entry,Knife,Vehicle,Afternoon (12-17),False,
OFF00039,Aadhya Lall,39,M,Ramanagara,1,On foot,Deception/impersonation,None,Individual - stranger,Night (21-24),False,
OFF00040,Zehaan Cherian,24,M,Kalaburagi,1,Car,Unlocked access,Knife,Residence,Night (21-24),False,
OFF00041,Zehaan Issac,27,F,Kodagu,0,Two-wheeler,Forced entry,Knife,Residence,Early morning (12-6),False,
OFF00042,Rachit Edwin,40,M,Koppal,0,Car,Unlocked access,Blunt object,Vehicle,Evening (17-21),False,
OFF00043,Neel Suresh,29,M,Ramanagara,3,On foot,N/A,None,Residence,Night (21-24),False,
OFF00044,Daksh Patil,29,M,Bengaluru Rural,0,Car,Deception/impersonation,Firearm,Individual - stranger,Afternoon (12-17),False,
OFF00045,Jagdish Bhardwaj,16,M,Dakshina Kannada,1,Car,N/A,Firearm,Commercial estab.,Night (21-24),False,
OFF00046,Balveer Chada,33,F,Ballari,0,On foot,Unlocked access,Firearm,Individual - stranger,Morning (6-12),False,
OFF00047,Bakhshi Walia,31,M,Yadgir,0,Auto-rickshaw,Unlocked access,None,Online account,Early morning (12-6),False,
OFF00048,Devansh Soman,22,M,Hassan,1,On foot,Unlocked access,Blunt object,Commercial estab.,Afternoon (12-17),False,
OFF00049,Kevin Wable,30,M,Ballari,1,On foot,Forced entry,Knife,Commercial estab.,Afternoon (12-17),False,
OFF00050,Hitesh Zacharia,39,M,Udupi,0,Car,Deception/impersonation,Knife,Commercial estab.,Night (21-24),False,
OFF00051,Nachiket Rastogi,34,M,Ramanagara,1,Car,Unlocked access,Knife,Residence,Early morning (12-6),False,
OFF00052,Theodore Varughese,41,M,Bagalkot,0,Car,Online/remote,Knife,Vehicle,Early morning (12-6),False,
OFF00053,Darpan Kota,16,M,Vijayapura,0,Two-wheeler,Online/remote,None,Vehicle,Morning (6-12),False,
OFF00054,Azad Nigam,41,M,Gadag,1,Car,N/A,None,Individual - stranger,Afternoon (12-17),False,
OFF00055,Ishwar Kannan,42,M,Shivamogga,0,Auto-rickshaw,Deception/impersonation,Knife,Individual - known,Evening (17-21),False,
OFF00056,Balendra Bhargava,29,M,Bagalkot,1,On foot,N/A,Knife,Commercial estab.,Night (21-24),False,
OFF00057,Bahadurjit Balay,28,M,Kalaburagi,0,Auto-rickshaw,N/A,Knife,Residence,Evening (17-21),False,
OFF00058,Balendra Varkey,36,M,Mandya,0,Auto-rickshaw,Unlocked access,Knife,Residence,Night (21-24),False,
OFF00059,Liam Sunder,28,M,Mysuru,0,On foot,Deception/impersonation,None,Individual - known,Morning (6-12),False,
OFF00060,Dominic Solanki,32,M,Hassan,1,None,Forced entry,None,Online account,Night (21-24),False,
OFF00061,Warjas Ray,32,M,Hassan,0,Auto-rickshaw,Unlocked access,None,Online account,Early morning (12-6),False,
OFF00062,Charvi Chatterjee,20,F,Ramanagara,0,Two-wheeler,Online/remote,None,Online account,Night (21-24),False,
OFF00063,Peter Sampath,28,M,Yadgir,1,Two-wheeler,Online/remote,None,Commercial estab.,Night (21-24),False,
OFF00064,Vinaya Bhagat,37,M,Udupi,0,Auto-rickshaw,N/A,Blunt object,Vehicle,Evening (17-21),False,
OFF00065,Azaan Rau,21,M,Ramanagara,0,On foot,Online/remote,None,Individual - known,Afternoon (12-17),False,
OFF00066,Chatura Kothari,23,M,Koppal,0,On foot,Deception/impersonation,None,Online account,Afternoon (12-17),False,
OFF00067,Girish Yadav,16,M,Ramanagara,0,None,Forced entry,None,Individual - known,Evening (17-21),False,
OFF00068,Ekaraj Sami,27,M,Mysuru,0,Auto-rickshaw,Online/remote,None,Commercial estab.,Evening (17-21),False,
OFF00069,Liam Shere,28,M,Raichur,1,None,Forced entry,Firearm,Vehicle,Evening (17-21),False,
OFF00070,Baljiwan Savant,29,F,Tumakuru,0,Auto-rickshaw,Online/remote,None,Online account,Night (21-24),False,
OFF00071,Aryan Zachariah,27,F,Hassan,2,On foot,Deception/impersonation,None,Individual - stranger,Evening (17-21),False,
OFF00072,Chakradhar Khalsa,27,M,Raichur,0,On foot,Online/remote,Chemical/spray,Vehicle,Night (21-24),False,
OFF00073,Samar Sunder,26,M,Chikkaballapur,1,Two-wheeler,Forced entry,Knife,Individual - known,Evening (17-21),False,
OFF00074,Hredhaan Rattan,16,M,Shivamogga,0,On foot,Online/remote,None,Commercial estab.,Afternoon (12-17),False,
OFF00075,Fitan Raghavan,36,M,Vijayapura,1,Two-wheeler,Online/remote,None,Vehicle,Early morning (12-6),False,
OFF00076,Saumya Lanka,20,M,Koppal,0,Two-wheeler,Forced entry,Blunt object,Individual - known,Morning (6-12),False,
OFF00077,Luke Sampath,27,M,Ballari,0,On foot,Online/remote,Knife,Vehicle,Morning (6-12),False,
OFF00078,Faras Gupta,20,M,Davanagere,0,On foot,N/A,Knife,Online account,Early morning (12-6),False,
OFF00079,Ikbal Bhardwaj,22,M,Tumakuru,0,Two-wheeler,N/A,None,Residence,Night (21-24),False,
OFF00080,Naksh Bhandari,16,F,Raichur,0,On foot,Forced entry,Knife,Online account,Morning (6-12),False,
OFF00081,William Thakkar,23,M,Kodagu,0,None,Forced entry,Blunt object,Vehicle,Early morning (12-6),False,
OFF00082,Ayush Trivedi,19,M,Davanagere,1,Two-wheeler,N/A,Knife,Individual - stranger,Evening (17-21),False,
OFF00083,Girik Biswas,38,M,Davanagere,0,Auto-rickshaw,Unlocked access,None,Online account,Night (21-24),False,
OFF00084,Kamya Raval,34,M,Uttara Kannada,0,None,Online/remote,None,Online account,Night (21-24),False,
OFF00085,Jatin Baral,50,F,Chamarajanagar,1,Two-wheeler,Deception/impersonation,Firearm,Individual - known,Evening (17-21),False,
OFF00086,Shaurya Virk,38,M,Shivamogga,0,Two-wheeler,Online/remote,Firearm,Individual - known,Evening (17-21),False,
OFF00087,Kalpit Jayaraman,21,M,Shivamogga,1,Car,N/A,Blunt object,Residence,Night (21-24),False,
OFF00088,Jagdish Lanka,16,F,Mysuru,0,On foot,Online/remote,None,Individual - known,Evening (17-21),False,
OFF00089,Dominic Mital,29,M,Uttara Kannada,0,Two-wheeler,Forced entry,None,Commercial estab.,Morning (6-12),False,
OFF00090,Nakul Bora,30,M,Hassan,0,None,N/A,None,Online account,Night (21-24),False,
OFF00091,Veer Chaudhry,24,M,Vijayapura,0,Car,Deception/impersonation,None,Online account,Morning (6-12),False,
OFF00092,Hredhaan Toor,23,M,Udupi,0,On foot,Unlocked access,None,Commercial estab.,Afternoon (12-17),False,
OFF00093,Dominic Palla,21,F,Mandya,1,None,Deception/impersonation,Chemical/spray,Individual - known,Afternoon (12-17),False,
OFF00094,Jason Pingle,24,M,Bengaluru Urban,0,None,Unlocked access,None,Individual - stranger,Night (21-24),False,
OFF00095,Farhan Sarma,31,F,Koppal,0,Auto-rickshaw,Forced entry,Firearm,Vehicle,Afternoon (12-17),False,
OFF00096,Aayush Mistry,28,M,Hubballi-Dharwad,0,Two-wheeler,Deception/impersonation,Chemical/spray,Commercial estab.,Early morning (12-6),False,
OFF00097,Ekalinga Lalla,23,M,Mysuru,0,None,Forced entry,None,Vehicle,Afternoon (12-17),False,
OFF00098,Chatresh Dugal,35,M,Kolar,2,Auto-rickshaw,N/A,Knife,Vehicle,Morning (6-12),False,
OFF00099,Lohit Kade,16,M,Yadgir,1,Auto-rickshaw,Deception/impersonation,Firearm,Commercial estab.,Afternoon (12-17),False,
OFF00100,Harsh Lalla,33,M,Bagalkot,0,Two-wheeler,Unlocked access,Knife,Residence,Early morning (12-6),False,
OFF00101,Jeremiah Behl,31,M,Mysuru,0,On foot,Forced entry,None,Online account,Night (21-24),False,
OFF00102,Siddharth Malhotra,16,M,Tumakuru,0,Car,Online/remote,None,Individual - known,Afternoon (12-17),False,
OFF00103,Aarav Nath,16,M,Gadag,1,On foot,Online/remote,None,Individual - known,Morning (6-12),False,
OFF00104,Lekha Edwin,36,M,Mysuru,0,Two-wheeler,Unlocked access,Blunt object,Vehicle,Night (21-24),False,
OFF00105,Unni Andra,23,M,Chikkamagaluru,0,Car,Online/remote,Chemical/spray,Vehicle,Night (21-24),False,
OFF00106,Baljiwan Dixit,29,M,Bengaluru Rural,0,Auto-rickshaw,Deception/impersonation,Knife,Individual - stranger,Early morning (12-6),False,
OFF00107,Qasim Divan,38,M,Kodagu,0,None,N/A,Chemical/spray,Online account,Afternoon (12-17),False,
OFF00108,Devansh Barman,23,M,Hubballi-Dharwad,1,Auto-rickshaw,N/A,Knife,Residence,Morning (6-12),False,
OFF00109,Rajata Baral,22,M,Chamarajanagar,0,Auto-rickshaw,Forced entry,None,Commercial estab.,Afternoon (12-17),False,
OFF00110,Henry Krish,50,M,Hubballi-Dharwad,0,Car,Online/remote,Knife,Residence,Evening (17-21),False,
OFF00111,Peter Ray,30,M,Chikkamagaluru,0,Two-wheeler,Deception/impersonation,None,Individual - stranger,Evening (17-21),False,
OFF00112,Kashish Gaba,29,M,Bengaluru Urban,0,None,Online/remote,None,Individual - known,Night (21-24),False,
OFF00113,Samuel Bakshi,33,M,Koppal,1,Auto-rickshaw,Forced entry,None,Vehicle,Morning (6-12),False,
OFF00114,Osha Sabharwal,43,M,Haveri,1,Auto-rickshaw,Forced entry,None,Online account,Night (21-24),False,
OFF00115,Kiaan Dutta,26,M,Tumakuru,1,None,Forced entry,Knife,Individual - stranger,Morning (6-12),False,
OFF00116,Sai Barad,26,F,Chikkamagaluru,0,Two-wheeler,Unlocked access,None,Online account,Afternoon (12-17),False,
OFF00117,Indrajit Iyengar,36,M,Chamarajanagar,0,Auto-rickshaw,Online/remote,None,Vehicle,Morning (6-12),False,
OFF00118,Parth Mody,26,F,Mandya,1,On foot,Forced entry,None,Commercial estab.,Afternoon (12-17),False,
OFF00119,Jasmit Bajwa,22,M,Chamarajanagar,0,Two-wheeler,Deception/impersonation,Blunt object,Vehicle,Night (21-24),False,
OFF00120,Sudiksha Narasimhan,16,M,Belagavi,1,Auto-rickshaw,N/A,None,Residence,Night (21-24),False,
OFF00121,Bakhshi Mallick,31,M,Yadgir,0,Car,Unlocked access,Chemical/spray,Individual - known,Night (21-24),False,
OFF00122,Ryan Yadav,27,F,Bidar,0,Two-wheeler,Deception/impersonation,Blunt object,Online account,Evening (17-21),False,
OFF00123,Akshay D’Alia,31,M,Chamarajanagar,0,On foot,Online/remote,Chemical/spray,Individual - known,Night (21-24),False,
OFF00124,Hemal Lanka,35,M,Dakshina Kannada,2,Auto-rickshaw,Forced entry,None,Commercial estab.,Early morning (12-6),False,
OFF00125,Chatura Saraf,32,M,Koppal,1,On foot,Forced entry,None,Residence,Afternoon (12-17),False,
OFF00126,Naksh Sarin,25,M,Mysuru,2,Car,N/A,None,Residence,Evening (17-21),False,
OFF00127,Sanya Gupta,19,M,Mysuru,1,On foot,Deception/impersonation,Chemical/spray,Online account,Early morning (12-6),False,
OFF00128,Anthony Sarin,21,M,Koppal,1,Two-wheeler,Online/remote,None,Residence,Early morning (12-6),False,
OFF00129,Guneet Patla,25,M,Tumakuru,1,Car,Deception/impersonation,None,Individual - known,Night (21-24),False,
OFF00130,Bakhshi Narayanan,36,M,Hubballi-Dharwad,1,On foot,Unlocked access,None,Commercial estab.,Night (21-24),False,
OFF00131,David Mital,40,M,Chikkaballapur,0,On foot,Unlocked access,None,Residence,Evening (17-21),False,
OFF00132,Samarth Narain,24,M,Uttara Kannada,0,Auto-rickshaw,Deception/impersonation,Knife,Individual - known,Early morning (12-6),False,
OFF00133,Manbir Datta,37,M,Chikkaballapur,1,Car,Online/remote,Knife,Commercial estab.,Afternoon (12-17),False,
OFF00134,Shivansh Raghavan,37,M,Hassan,0,Two-wheeler,Unlocked access,None,Residence,Night (21-24),False,
OFF00135,Matthew Ravi,22,M,Bengaluru Urban,0,Auto-rickshaw,Deception/impersonation,None,Online account,Early morning (12-6),False,
OFF00136,Nidra Mangat,17,M,Chamarajanagar,1,Car,Unlocked access,Knife,Residence,Morning (6-12),False,
OFF00137,Tanveer Nagy,20,M,Gadag,1,On foot,Forced entry,Chemical/spray,Online account,Early morning (12-6),False,
OFF00138,Timothy Sathe,16,M,Chikkaballapur,1,Car,Unlocked access,None,Residence,Afternoon (12-17),False,
OFF00139,Warjas Gara,27,M,Belagavi,2,None,Deception/impersonation,None,Residence,Morning (6-12),False,
OFF00140,Lucky Varma,29,M,Hassan,2,Car,Deception/impersonation,Blunt object,Commercial estab.,Early morning (12-6),False,
OFF00141,Chakradhar Keer,31,F,Kodagu,1,Auto-rickshaw,N/A,None,Commercial estab.,Early morning (12-6),False,
OFF00142,Isaiah Issac,18,M,Davanagere,3,Car,N/A,None,Online account,Afternoon (12-17),False,
OFF00143,Advik Batra,51,M,Bengaluru Urban,0,None,N/A,None,Vehicle,Morning (6-12),False,
OFF00144,Wazir Bora,33,M,Chikkamagaluru,0,Car,Online/remote,None,Individual - stranger,Early morning (12-6),False,
OFF00145,Sarthak Hayer,38,M,Dakshina Kannada,0,On foot,N/A,None,Commercial estab.,Afternoon (12-17),False,
OFF00146,Yug Ratta,23,M,Kolar,0,Auto-rickshaw,N/A,Blunt object,Individual - known,Evening (17-21),False,
OFF00147,Ethan Ahluwalia,36,M,Chitradurga,1,Auto-rickshaw,Deception/impersonation,None,Residence,Morning (6-12),False,
OFF00148,Simon Kanda,16,F,Kodagu,0,Car,Forced entry,Chemical/spray,Residence,Night (21-24),False,
OFF00149,Yochana Shetty,25,M,Bengaluru Rural,0,Auto-rickshaw,Deception/impersonation,None,Individual - stranger,Evening (17-21),False,
OFF00150,Jeet Dara,44,M,Koppal,0,None,Forced entry,None,Residence,Morning (6-12),False,
OFF00151,Ekani Shetty,26,M,Kalaburagi,0,Two-wheeler,N/A,None,Individual - known,Morning (6-12),False,
OFF00152,Timothy Thaman,26,M,Ramanagara,0,None,Forced entry,None,Individual - known,Morning (6-12),False,
OFF00153,Udant Dutt,26,M,Dakshina Kannada,1,Two-wheeler,Unlocked access,None,Individual - known,Night (21-24),False,
OFF00154,Umang Lad,35,M,Bengaluru Rural,0,On foot,Online/remote,None,Online account,Early morning (12-6),False,
OFF00155,Lakshit Verma,19,M,Mandya,1,None,Forced entry,None,Individual - known,Night (21-24),False,
OFF00156,Jagdish Maharaj,33,M,Kodagu,0,None,Deception/impersonation,None,Individual - stranger,Early morning (12-6),False,
OFF00157,Brinda Mangal,52,M,Bidar,0,Two-wheeler,Online/remote,Blunt object,Commercial estab.,Early morning (12-6),False,
OFF00158,Madhavi Nayak,29,M,Belagavi,1,Two-wheeler,Unlocked access,None,Online account,Night (21-24),False,
OFF00159,Banjeet Devi,27,M,Chitradurga,0,None,Deception/impersonation,None,Vehicle,Evening (17-21),False,
OFF00160,Jack Rajagopal,30,M,Kodagu,0,None,Unlocked access,None,Individual - known,Evening (17-21),False,
OFF00161,Hredhaan Bhatt,52,M,Bidar,0,Two-wheeler,Deception/impersonation,None,Online account,Afternoon (12-17),False,
OFF00162,Samar Narayanan,19,M,Yadgir,1,Auto-rickshaw,Forced entry,None,Individual - stranger,Early morning (12-6),False,
OFF00163,Sarthak Bhatia,16,M,Davanagere,0,On foot,N/A,None,Vehicle,Night (21-24),False,
OFF00164,Shivansh Ramachandran,38,M,Davanagere,1,Auto-rickshaw,Forced entry,Chemical/spray,Vehicle,Afternoon (12-17),False,
OFF00165,Ranveer Sood,31,M,Kalaburagi,1,On foot,Online/remote,None,Individual - stranger,Afternoon (12-17),False,
OFF00166,Patrick Misra,26,M,Udupi,0,Car,N/A,None,Commercial estab.,Night (21-24),False,
OFF00167,Ubika Yohannan,19,M,Chitradurga,0,None,Forced entry,Knife,Online account,Afternoon (12-17),False,
OFF00168,Yagnesh Kanda,44,M,Udupi,0,Car,Deception/impersonation,None,Individual - known,Morning (6-12),False,
OFF00169,Tejas Sunder,37,M,Belagavi,0,Two-wheeler,Forced entry,Blunt object,Individual - known,Evening (17-21),False,
OFF00170,Robert Nayar,40,M,Davanagere,0,Car,Deception/impersonation,Blunt object,Vehicle,Night (21-24),False,
OFF00171,Fitan Sibal,35,M,Hubballi-Dharwad,0,None,Forced entry,Knife,Residence,Evening (17-21),False,
OFF00172,Agastya Ramesh,18,M,Chikkamagaluru,0,Auto-rickshaw,Deception/impersonation,None,Vehicle,Early morning (12-6),False,
OFF00173,Benjamin Sangha,24,M,Gadag,1,None,Online/remote,None,Residence,Early morning (12-6),False,
OFF00174,Vihaan Gopal,33,F,Bengaluru Rural,0,Two-wheeler,Unlocked access,None,Individual - known,Morning (6-12),False,
OFF00175,Kalpit Raghavan,36,M,Dakshina Kannada,2,Two-wheeler,Online/remote,Blunt object,Individual - known,Morning (6-12),False,
OFF00176,Hitesh Sha,20,M,Mandya,1,None,Deception/impersonation,None,Online account,Early morning (12-6),False,
OFF00177,Om Raghavan,34,M,Mysuru,0,Car,N/A,None,Commercial estab.,Evening (17-21),False,
OFF00178,Shivansh Krishnan,26,M,Shivamogga,0,On foot,N/A,None,Online account,Afternoon (12-17),False,
OFF00179,Wahab Bahl,31,M,Ballari,0,Auto-rickshaw,N/A,None,Individual - stranger,Evening (17-21),False,
OFF00180,Pushti Kapur,17,M,Ballari,2,Car,Unlocked access,None,Online account,Early morning (12-6),False,
OFF00181,Anmol Balasubramanian,22,M,Udupi,1,Car,Deception/impersonation,Blunt object,Online account,Morning (6-12),False,
OFF00182,Harish Bahri,16,M,Kalaburagi,1,On foot,N/A,None,Online account,Early morning (12-6),False,
OFF00183,Jagdish Date,16,M,Hassan,0,Auto-rickshaw,N/A,Blunt object,Commercial estab.,Night (21-24),False,
OFF00184,Dakshesh Kamdar,44,F,Shivamogga,2,Car,Unlocked access,None,Commercial estab.,Evening (17-21),False,
OFF00185,Kabir Pillay,28,M,Chikkaballapur,2,Two-wheeler,Deception/impersonation,None,Residence,Evening (17-21),False,
OFF00186,Dakshesh Gade,38,M,Chamarajanagar,0,Car,Forced entry,Knife,Individual - stranger,Night (21-24),False,
OFF00187,Chatura Bal,31,M,Chikkaballapur,1,None,Forced entry,None,Vehicle,Morning (6-12),False,
OFF00188,Raghav Ranganathan,16,M,Belagavi,0,Two-wheeler,Online/remote,None,Residence,Early morning (12-6),False,
OFF00189,Baljiwan Kibe,17,M,Ballari,0,Auto-rickshaw,Online/remote,None,Vehicle,Morning (6-12),False,
OFF00190,Matthew Dara,29,F,Raichur,0,Auto-rickshaw,Deception/impersonation,Knife,Individual - stranger,Afternoon (12-17),False,
OFF00191,Oscar Walia,16,M,Gadag,1,Auto-rickshaw,Deception/impersonation,None,Online account,Night (21-24),False,
OFF00192,Reva Biswas,33,M,Chikkaballapur,1,On foot,Deception/impersonation,None,Online account,Evening (17-21),False,
OFF00193,Abeer Salvi,43,M,Mysuru,1,Car,N/A,None,Residence,Morning (6-12),False,
OFF00194,Chatresh Sant,43,M,Bagalkot,1,None,Forced entry,Knife,Commercial estab.,Night (21-24),False,
OFF00195,Victor Dua,32,M,Hubballi-Dharwad,0,On foot,Deception/impersonation,Chemical/spray,Commercial estab.,Morning (6-12),False,
OFF00196,Gaurang Vig,16,M,Mysuru,0,Car,Forced entry,None,Vehicle,Night (21-24),False,
OFF00197,Wyatt Shroff,25,M,Udupi,1,None,Unlocked access,Knife,Individual - known,Morning (6-12),False,
OFF00198,Krish Naidu,30,M,Chitradurga,0,On foot,Online/remote,None,Residence,Morning (6-12),False,
OFF00199,Chameli Mallick,20,M,Udupi,1,Auto-rickshaw,Unlocked access,None,Residence,Evening (17-21),False,
OFF00200,Keya Shetty,16,M,Gadag,1,None,Online/remote,None,Residence,Evening (17-21),False,
OFF00201,Om Balakrishnan,33,M,Hubballi-Dharwad,1,On foot,N/A,None,Residence,Early morning (12-6),False,
OFF00202,Nicholas Gopal,30,F,Kolar,0,Two-wheeler,N/A,Firearm,Residence,Early morning (12-6),False,
OFF00203,Hitesh Pant,34,M,Ramanagara,0,None,Unlocked access,Blunt object,Individual - stranger,Morning (6-12),False,
OFF00204,Onkar Mammen,16,F,Yadgir,0,Two-wheeler,Online/remote,None,Vehicle,Afternoon (12-17),False,
OFF00205,Abdul Varughese,16,F,Davanagere,1,On foot,Forced entry,None,Individual - stranger,Afternoon (12-17),False,
OFF00206,Brijesh Khurana,37,M,Tumakuru,0,Auto-rickshaw,Unlocked access,Blunt object,Commercial estab.,Evening (17-21),False,
OFF00207,Yash Khosla,28,F,Bengaluru Urban,1,Car,Unlocked access,Blunt object,Vehicle,Night (21-24),False,
OFF00208,Yatan Sem,44,M,Tumakuru,0,On foot,Deception/impersonation,None,Individual - known,Evening (17-21),False,
OFF00209,Chakradhar Menon,33,M,Mysuru,1,Two-wheeler,Online/remote,Knife,Individual - stranger,Night (21-24),False,
OFF00210,Samaksh Kohli,33,M,Tumakuru,1,Auto-rickshaw,Forced entry,Knife,Individual - known,Night (21-24),False,
OFF00211,Qarin Solanki,17,M,Mysuru,0,None,Deception/impersonation,None,Vehicle,Night (21-24),False,
OFF00212,Simon Narayanan,26,F,Kolar,2,Two-wheeler,Online/remote,Firearm,Individual - stranger,Evening (17-21),False,
OFF00213,Vasana Madan,40,M,Bengaluru Urban,1,Car,Forced entry,None,Online account,Early morning (12-6),False,
OFF00214,Jeremiah Kashyap,38,M,Shivamogga,0,On foot,Forced entry,None,Residence,Morning (6-12),False,
OFF00215,Gopal Mutti,32,M,Haveri,0,Auto-rickshaw,Unlocked access,Blunt object,Individual - stranger,Evening (17-21),False,
OFF00216,George Handa,30,M,Uttara Kannada,1,On foot,Forced entry,None,Residence,Night (21-24),False,
OFF00217,Wyatt Malhotra,33,M,Hassan,2,Car,Forced entry,Blunt object,Individual - known,Afternoon (12-17),False,
OFF00218,Chandresh Hari,27,M,Kodagu,2,Car,Deception/impersonation,None,Residence,Evening (17-21),False,
OFF00219,Jhalak Patel,16,M,Ramanagara,0,Auto-rickshaw,Deception/impersonation,Chemical/spray,Commercial estab.,Evening (17-21),False,
OFF00220,Matthew Atwal,33,M,Vijayapura,0,Two-wheeler,Online/remote,None,Vehicle,Morning (6-12),False,
OFF00221,Laksh Bath,19,M,Mysuru,1,Car,Deception/impersonation,None,Vehicle,Evening (17-21),False,
OFF00222,Madhav Date,40,M,Chikkamagaluru,0,Two-wheeler,Deception/impersonation,Knife,Commercial estab.,Afternoon (12-17),False,
OFF00223,Charan Arora,42,M,Bengaluru Rural,0,Two-wheeler,Online/remote,None,Online account,Morning (6-12),False,
OFF00224,Vrinda Srinivas,30,M,Chitradurga,2,Auto-rickshaw,Forced entry,None,Individual - known,Afternoon (12-17),False,
OFF00225,Onkar Gour,29,F,Bengaluru Rural,3,None,Unlocked access,Knife,Residence,Afternoon (12-17),False,
OFF00226,Jonathan Sridhar,38,M,Belagavi,1,None,Deception/impersonation,None,Online account,Afternoon (12-17),False,
OFF00227,Bachittar Rattan,49,M,Bagalkot,3,On foot,Online/remote,None,Vehicle,Early morning (12-6),False,
OFF00228,Balhaar Bera,25,M,Chikkamagaluru,0,On foot,N/A,None,Commercial estab.,Morning (6-12),False,
OFF00229,Falan Modi,21,F,Chikkamagaluru,0,On foot,Online/remote,Chemical/spray,Online account,Afternoon (12-17),False,
OFF00230,Jeet Dani,36,M,Kolar,0,None,Deception/impersonation,Firearm,Individual - known,Morning (6-12),False,
OFF00231,Isaiah Virk,19,M,Dakshina Kannada,0,On foot,Unlocked access,None,Commercial estab.,Early morning (12-6),False,
OFF00232,Umang Savant,19,M,Chikkamagaluru,0,None,Unlocked access,Knife,Individual - stranger,Early morning (12-6),False,
OFF00233,Tanish Mody,16,F,Bagalkot,1,Auto-rickshaw,N/A,None,Commercial estab.,Night (21-24),False,
OFF00234,Chandran Johal,18,F,Koppal,2,Two-wheeler,Online/remote,None,Vehicle,Afternoon (12-17),False,
OFF00235,Kevin Bumb,37,M,Kolar,1,None,Unlocked access,Blunt object,Individual - known,Evening (17-21),False,
OFF00236,Jagdish Ghose,27,F,Chamarajanagar,1,Two-wheeler,N/A,None,Individual - known,Morning (6-12),False,
OFF00237,Farhan Agate,30,M,Davanagere,1,None,Deception/impersonation,Blunt object,Residence,Morning (6-12),False,
OFF00238,Umang Singhal,33,M,Belagavi,0,Car,N/A,None,Vehicle,Morning (6-12),False,
OFF00239,Amol Kata,24,M,Hubballi-Dharwad,0,None,N/A,None,Vehicle,Early morning (12-6),False,
OFF00240,Lohit Setty,23,M,Bengaluru Rural,1,None,Deception/impersonation,Knife,Vehicle,Evening (17-21),False,
OFF00241,Jackson Lalla,41,M,Ramanagara,1,None,Deception/impersonation,Knife,Residence,Evening (17-21),False,
OFF00242,Simon Contractor,23,M,Raichur,1,Car,Online/remote,None,Individual - stranger,Morning (6-12),False,
OFF00243,Falan Lata,30,M,Kalaburagi,1,Car,N/A,None,Online account,Afternoon (12-17),False,
OFF00244,Balendra Bhasin,16,F,Raichur,0,On foot,Deception/impersonation,None,Individual - stranger,Afternoon (12-17),False,
OFF00245,Mitesh Mani,25,M,Chikkamagaluru,0,On foot,Unlocked access,None,Residence,Evening (17-21),False,
OFF00246,Diya Sidhu,34,M,Kodagu,4,On foot,Deception/impersonation,Chemical/spray,Online account,Afternoon (12-17),False,
OFF00247,Saksham Magar,21,M,Mandya,0,Auto-rickshaw,Online/remote,Firearm,Commercial estab.,Early morning (12-6),False,
OFF00248,Theodore Buch,29,M,Chikkamagaluru,0,On foot,Unlocked access,Knife,Individual - stranger,Early morning (12-6),False,
OFF00249,Tarak Naidu,36,M,Chamarajanagar,0,Auto-rickshaw,Deception/impersonation,None,Individual - stranger,Evening (17-21),False,
OFF00250,Agastya Chand,20,M,Davanagere,0,Auto-rickshaw,Deception/impersonation,None,Individual - stranger,Night (21-24),False,
OFF00251,Advaith Luthra,35,M,Tumakuru,0,Two-wheeler,Online/remote,None,Vehicle,Afternoon (12-17),False,
OFF00252,Gagan Singhal,19,M,Chitradurga,1,Two-wheeler,Unlocked access,Chemical/spray,Commercial estab.,Afternoon (12-17),False,
OFF00253,Liam Golla,51,M,Davanagere,1,On foot,Unlocked access,Knife,Commercial estab.,Night (21-24),False,
OFF00254,Yatan Chand,24,M,Haveri,1,Car,Online/remote,None,Individual - known,Night (21-24),False,
OFF00255,Priya Rege,34,M,Yadgir,1,None,Deception/impersonation,None,Vehicle,Afternoon (12-17),False,
OFF00256,Naveen Cheema,25,M,Mandya,2,None,Online/remote,Blunt object,Residence,Evening (17-21),False,
OFF00257,Nitesh Sabharwal,33,M,Gadag,1,Two-wheeler,Online/remote,Knife,Online account,Early morning (12-6),False,
OFF00258,Maanas Rattan,36,M,Koppal,1,None,N/A,None,Individual - stranger,Night (21-24),False,
OFF00259,Utkarsh Chakrabarti,25,M,Bagalkot,1,None,Online/remote,None,Online account,Morning (6-12),False,
OFF00260,Jonathan Naik,21,F,Dakshina Kannada,2,On foot,Forced entry,None,Commercial estab.,Morning (6-12),False,
OFF00261,Saksham Varkey,30,M,Mandya,1,None,Online/remote,Firearm,Online account,Early morning (12-6),False,
OFF00262,Vihaan Sachdev,29,M,Kolar,1,Car,Online/remote,None,Residence,Morning (6-12),False,
OFF00263,Girindra Vasa,26,M,Kolar,1,Car,Deception/impersonation,Knife,Individual - known,Morning (6-12),False,
OFF00264,Zaid Sathe,30,M,Tumakuru,1,Car,Unlocked access,Knife,Commercial estab.,Afternoon (12-17),False,
OFF00265,Harsh Loke,34,M,Yadgir,0,Car,Deception/impersonation,None,Online account,Night (21-24),False,
OFF00266,Maanas Sarma,30,F,Chamarajanagar,2,Car,Unlocked access,None,Residence,Early morning (12-6),False,
OFF00267,Darsh Balakrishnan,38,M,Vijayapura,0,Auto-rickshaw,Unlocked access,None,Vehicle,Afternoon (12-17),False,
OFF00268,Gauri Mukhopadhyay,19,M,Belagavi,1,Two-wheeler,N/A,Blunt object,Individual - known,Morning (6-12),False,
OFF00269,Samar Chander,24,F,Ballari,4,On foot,Forced entry,None,Residence,Evening (17-21),False,
OFF00270,Dakshesh Shenoy,30,M,Bengaluru Urban,1,None,Unlocked access,None,Commercial estab.,Evening (17-21),False,
OFF00271,Faraj Tara,43,M,Tumakuru,1,Car,Deception/impersonation,Knife,Individual - stranger,Night (21-24),False,
OFF00272,Laban Sagar,28,M,Kodagu,0,Two-wheeler,Unlocked access,None,Individual - known,Early morning (12-6),False,
OFF00273,Vrishti Kohli,17,M,Hassan,2,On foot,Deception/impersonation,Firearm,Individual - stranger,Afternoon (12-17),False,
OFF00274,Elijah Rajagopal,27,M,Shivamogga,0,Car,Online/remote,Chemical/spray,Vehicle,Night (21-24),False,
OFF00275,Ekansh Boase,39,F,Kodagu,0,None,Online/remote,None,Individual - stranger,Afternoon (12-17),False,
OFF00276,Sarthak Oak,40,M,Vijayapura,1,On foot,Forced entry,Blunt object,Residence,Night (21-24),False,
OFF00277,Aarav Mandal,34,M,Chitradurga,0,Auto-rickshaw,Online/remote,None,Individual - stranger,Evening (17-21),False,
OFF00278,Yash Dixit,28,M,Belagavi,1,Auto-rickshaw,Deception/impersonation,Chemical/spray,Individual - stranger,Afternoon (12-17),False,
OFF00279,Wyatt Pai,37,M,Vijayapura,0,Car,Deception/impersonation,Knife,Vehicle,Early morning (12-6),False,
OFF00280,Ranbir Shah,27,M,Ballari,0,Two-wheeler,Forced entry,None,Individual - known,Evening (17-21),False,
OFF00281,Girindra Khare,29,F,Ramanagara,0,Car,Forced entry,Knife,Residence,Afternoon (12-17),False,
OFF00282,Jackson Roy,26,M,Belagavi,1,Auto-rickshaw,Unlocked access,None,Vehicle,Afternoon (12-17),False,
OFF00283,Nathan Solanki,32,M,Hassan,2,None,Unlocked access,Blunt object,Online account,Night (21-24),False,
OFF00284,Sanya Doshi,33,M,Chikkamagaluru,1,None,Deception/impersonation,None,Vehicle,Early morning (12-6),False,
OFF00285,Andrew Date,40,M,Mandya,0,On foot,N/A,None,Individual - known,Afternoon (12-17),False,
OFF00286,Daksha Sarraf,33,M,Gadag,0,On foot,N/A,None,Vehicle,Evening (17-21),False,
OFF00287,Vedant Aurora,32,M,Mandya,0,Auto-rickshaw,Online/remote,Knife,Vehicle,Evening (17-21),False,
OFF00288,Samarth Dubey,22,M,Bengaluru Urban,0,Auto-rickshaw,Deception/impersonation,Blunt object,Online account,Morning (6-12),False,
OFF00289,Wahab Lanka,22,M,Davanagere,1,Two-wheeler,N/A,Chemical/spray,Individual - stranger,Evening (17-21),False,
OFF00290,Rushil Buch,28,M,Udupi,1,On foot,Online/remote,None,Commercial estab.,Evening (17-21),False,
OFF00291,Sachi Nadig,26,F,Raichur,0,Two-wheeler,N/A,None,Residence,Early morning (12-6),False,
OFF00292,Andrew Biswas,28,M,Mandya,0,On foot,Unlocked access,Blunt object,Individual - stranger,Afternoon (12-17),False,
OFF00293,Maanas Karan,51,M,Bidar,0,None,Online/remote,Blunt object,Individual - known,Evening (17-21),False,
OFF00294,Teerth Chaudhari,24,M,Yadgir,2,Two-wheeler,Forced entry,Blunt object,Commercial estab.,Night (21-24),False,
OFF00295,Tristan Ganesan,28,F,Bengaluru Urban,0,On foot,Unlocked access,None,Vehicle,Early morning (12-6),False,
OFF00296,Akshay Batra,23,M,Kodagu,0,Two-wheeler,Unlocked access,Blunt object,Commercial estab.,Evening (17-21),False,
OFF00297,Ayaan Memon,50,M,Kodagu,1,Two-wheeler,Unlocked access,None,Residence,Morning (6-12),False,
OFF00298,Rachit Sankar,28,M,Shivamogga,0,None,N/A,Blunt object,Residence,Morning (6-12),False,
OFF00299,Jason Wali,30,M,Gadag,0,None,Unlocked access,None,Residence,Early morning (12-6),False,
OFF00300,Gautam Garde,16,M,Bagalkot,0,On foot,Online/remote,Knife,Individual - stranger,Afternoon (12-17),False,
OFF00301,Chaaya Raja,19,M,Uttara Kannada,1,None,Deception/impersonation,Knife,Commercial estab.,Morning (6-12),False,
OFF00302,Yuvraj Dhar,26,M,Kolar,1,Auto-rickshaw,Unlocked access,Blunt object,Residence,Morning (6-12),False,
OFF00303,Vihaan Kumar,41,F,Kolar,0,Auto-rickshaw,Online/remote,Knife,Individual - known,Evening (17-21),False,
OFF00304,Joshua Andra,37,M,Koppal,1,Two-wheeler,Online/remote,Blunt object,Individual - stranger,Night (21-24),False,
OFF00305,Maanas Dugar,45,M,Vijayapura,2,Auto-rickshaw,N/A,Knife,Individual - stranger,Morning (6-12),False,
OFF00306,Timothy Pai,32,M,Gadag,0,None,Unlocked access,None,Residence,Afternoon (12-17),False,
OFF00307,Unnati Krishna,30,M,Yadgir,1,On foot,Forced entry,Blunt object,Commercial estab.,Morning (6-12),False,
OFF00308,Matthew Issac,37,M,Raichur,1,On foot,N/A,None,Residence,Evening (17-21),False,
OFF00309,Wyatt Chhabra,25,M,Tumakuru,0,Car,Deception/impersonation,None,Commercial estab.,Evening (17-21),False,
OFF00310,Rayaan Parmer,30,F,Hassan,0,Car,Unlocked access,None,Commercial estab.,Early morning (12-6),False,
OFF00311,Manbir Bains,19,M,Belagavi,1,Two-wheeler,Deception/impersonation,Knife,Vehicle,Night (21-24),False,
OFF00312,Laksh Anand,24,M,Kalaburagi,0,Car,Unlocked access,None,Individual - known,Evening (17-21),False,
OFF00313,Yuvraj Mangat,44,F,Shivamogga,0,Car,Online/remote,Chemical/spray,Online account,Evening (17-21),False,
OFF00314,Patrick Kanda,32,M,Davanagere,3,On foot,Unlocked access,Blunt object,Commercial estab.,Morning (6-12),False,
OFF00315,Ladli Devan,24,M,Koppal,0,Two-wheeler,N/A,None,Individual - stranger,Early morning (12-6),False,
OFF00316,Anmol More,30,M,Chamarajanagar,0,On foot,Forced entry,Blunt object,Individual - stranger,Morning (6-12),False,
OFF00317,Anay Patla,38,M,Chitradurga,1,None,Online/remote,Knife,Individual - stranger,Early morning (12-6),False,
OFF00318,Chakradev Merchant,28,M,Bengaluru Urban,0,None,Deception/impersonation,None,Residence,Early morning (12-6),False,
OFF00319,Sarthak Gill,17,M,Bidar,1,On foot,Forced entry,Chemical/spray,Vehicle,Morning (6-12),False,
OFF00320,Dominic Zacharia,16,M,Vijayapura,1,Car,Deception/impersonation,Blunt object,Individual - stranger,Afternoon (12-17),False,
OFF00321,Zilmil Thaker,44,M,Ballari,0,On foot,Deception/impersonation,Knife,Individual - stranger,Early morning (12-6),False,
OFF00322,Fitan Kurian,24,M,Kolar,2,Auto-rickshaw,Forced entry,Knife,Online account,Morning (6-12),False,
OFF00323,Manbir Nigam,34,M,Koppal,1,Car,N/A,Chemical/spray,Individual - stranger,Night (21-24),False,
OFF00324,Vinaya Borra,16,M,Ramanagara,1,None,Online/remote,None,Individual - stranger,Afternoon (12-17),False,
OFF00325,Jeevika Ranganathan,23,M,Bengaluru Rural,2,On foot,Deception/impersonation,None,Individual - known,Night (21-24),False,
OFF00326,Chakradev Rana,32,M,Chamarajanagar,0,Auto-rickshaw,Forced entry,None,Vehicle,Morning (6-12),False,
OFF00327,Kevin Yadav,28,M,Gadag,0,None,Deception/impersonation,None,Online account,Morning (6-12),False,
OFF00328,Utkarsh Pillay,39,M,Mysuru,1,None,Deception/impersonation,None,Commercial estab.,Morning (6-12),False,
OFF00329,Rayaan Prabhu,16,M,Udupi,1,None,N/A,None,Residence,Early morning (12-6),False,
OFF00330,Jackson Sinha,31,M,Chikkamagaluru,0,Auto-rickshaw,Unlocked access,None,Commercial estab.,Evening (17-21),False,
OFF00331,Nihal Kant,17,M,Raichur,1,Two-wheeler,N/A,None,Individual - known,Early morning (12-6),False,
OFF00332,Vincent Mittal,39,M,Haveri,1,On foot,Online/remote,None,Individual - stranger,Early morning (12-6),False,
OFF00333,Dalbir Dey,29,M,Davanagere,0,Car,Forced entry,None,Individual - known,Evening (17-21),False,
OFF00334,Anirudh Modi,17,M,Bidar,1,Two-wheeler,Forced entry,None,Vehicle,Early morning (12-6),False,
OFF00335,Dalbir Chatterjee,34,M,Kodagu,1,Auto-rickshaw,Forced entry,None,Commercial estab.,Early morning (12-6),False,
OFF00336,Ekansh Rama,16,M,Ballari,0,None,N/A,None,Commercial estab.,Morning (6-12),False,
OFF00337,Qasim Zachariah,26,M,Hassan,2,On foot,Forced entry,None,Residence,Evening (17-21),False,
OFF00338,Faras Sachdeva,47,M,Davanagere,1,Car,Unlocked access,Blunt object,Commercial estab.,Night (21-24),False,
OFF00339,Yash Reddy,26,M,Belagavi,0,Car,Forced entry,Chemical/spray,Residence,Night (21-24),False,
OFF00340,Amol Prabhakar,24,F,Chikkamagaluru,0,Car,Online/remote,Blunt object,Online account,Night (21-24),False,
OFF00341,Tristan Saxena,27,M,Haveri,1,On foot,Online/remote,None,Commercial estab.,Afternoon (12-17),False,
OFF00342,Pratyush Chaudhary,19,M,Hassan,0,None,Unlocked access,None,Residence,Evening (17-21),False,
OFF00343,Praneel Bhat,37,F,Kalaburagi,0,None,N/A,None,Vehicle,Early morning (12-6),False,
OFF00344,Manya Gupta,32,M,Haveri,0,On foot,Online/remote,Blunt object,Online account,Early morning (12-6),False,
OFF00345,Utkarsh Chand,47,M,Bidar,0,Auto-rickshaw,Unlocked access,Knife,Individual - known,Afternoon (12-17),False,
OFF00346,Advaith Bedi,27,M,Uttara Kannada,0,Auto-rickshaw,Forced entry,None,Vehicle,Evening (17-21),False,
OFF00347,Jairaj Dass,38,M,Yadgir,0,Auto-rickshaw,N/A,None,Residence,Night (21-24),False,
OFF00348,Bakhshi Johal,19,F,Dakshina Kannada,2,On foot,Deception/impersonation,None,Vehicle,Early morning (12-6),False,
OFF00349,Jackson Narasimhan,23,M,Koppal,1,Auto-rickshaw,Deception/impersonation,Chemical/spray,Commercial estab.,Early morning (12-6),False,
OFF00350,Aarav Malhotra,46,M,Mandya,2,None,N/A,Knife,Vehicle,Morning (6-12),False,
OFF00351,Dhruv Zachariah,28,M,Udupi,1,None,N/A,None,Individual - stranger,Evening (17-21),False,
OFF00352,Gagan Choudhary,47,M,Mysuru,1,Two-wheeler,Unlocked access,None,Residence,Evening (17-21),False,
OFF00353,Dominic Aurora,30,M,Davanagere,1,Auto-rickshaw,Forced entry,None,Online account,Evening (17-21),False,
OFF00354,Jagat Naik,33,M,Uttara Kannada,1,Two-wheeler,Forced entry,Blunt object,Online account,Early morning (12-6),False,
OFF00355,Gagan Lanka,22,M,Bagalkot,2,On foot,N/A,None,Individual - known,Afternoon (12-17),False,
OFF00356,Dev Sama,31,F,Ballari,1,Auto-rickshaw,Unlocked access,None,Online account,Evening (17-21),False,
OFF00357,Azad Soni,31,M,Ramanagara,1,On foot,Online/remote,Knife,Commercial estab.,Early morning (12-6),False,
OFF00358,Pratyush Varghese,32,M,Udupi,1,Two-wheeler,N/A,None,Vehicle,Morning (6-12),False,
OFF00359,Upkaar Thakur,39,M,Dakshina Kannada,2,Car,Online/remote,None,Online account,Afternoon (12-17),False,
OFF00360,Anthony Verma,17,M,Chikkaballapur,0,Two-wheeler,Deception/impersonation,None,Commercial estab.,Night (21-24),False,
OFF00361,Veer Balasubramanian,27,M,Uttara Kannada,0,Car,N/A,Knife,Online account,Morning (6-12),False,
OFF00362,Wriddhish Ratti,30,M,Dakshina Kannada,0,On foot,Deception/impersonation,Knife,Vehicle,Evening (17-21),False,
OFF00363,Chatura Swaminathan,19,M,Raichur,0,Auto-rickshaw,Unlocked access,None,Vehicle,Morning (6-12),False,
OFF00364,Balhaar Buch,16,M,Belagavi,1,On foot,Deception/impersonation,Blunt object,Vehicle,Early morning (12-6),False,
OFF00365,Falak Bhatti,16,F,Hassan,0,On foot,Unlocked access,Blunt object,Vehicle,Night (21-24),False,
OFF00366,Laksh Nair,26,M,Hassan,0,Auto-rickshaw,Online/remote,None,Individual - stranger,Night (21-24),False,
OFF00367,Manan Setty,30,M,Tumakuru,1,Two-wheeler,Deception/impersonation,None,Residence,Morning (6-12),False,
OFF00368,Chandran Contractor,22,M,Udupi,0,Auto-rickshaw,N/A,None,Vehicle,Early morning (12-6),False,
OFF00369,Tanveer Seth,37,M,Davanagere,0,None,Forced entry,Blunt object,Commercial estab.,Night (21-24),False,
OFF00370,Samuel Nori,26,M,Bagalkot,0,On foot,Deception/impersonation,Firearm,Individual - stranger,Evening (17-21),False,
OFF00371,Ryan Sagar,16,F,Mysuru,1,Auto-rickshaw,Forced entry,Blunt object,Individual - known,Morning (6-12),False,
OFF00372,Naksh Sane,16,M,Davanagere,1,None,Online/remote,None,Individual - known,Morning (6-12),False,
OFF00373,Joshua Prasad,34,M,Chikkaballapur,1,Car,N/A,None,Vehicle,Morning (6-12),False,
OFF00374,Warjas Bhavsar,36,M,Tumakuru,0,None,Deception/impersonation,Chemical/spray,Vehicle,Early morning (12-6),False,
OFF00375,Brijesh Chander,26,M,Bidar,1,Two-wheeler,Deception/impersonation,Firearm,Individual - known,Morning (6-12),False,
OFF00376,Chanakya Pradhan,32,M,Chamarajanagar,1,On foot,Online/remote,None,Vehicle,Afternoon (12-17),False,
OFF00377,Ayushman Narayan,28,M,Mysuru,0,Two-wheeler,Online/remote,None,Residence,Afternoon (12-17),False,
OFF00378,Samesh Pandya,20,M,Chikkaballapur,0,Two-wheeler,Forced entry,Blunt object,Commercial estab.,Afternoon (12-17),False,
OFF00379,Ati Mani,37,M,Raichur,0,On foot,Online/remote,Blunt object,Commercial estab.,Afternoon (12-17),False,
OFF00380,Patrick Chawla,23,M,Kolar,0,None,Unlocked access,Knife,Commercial estab.,Afternoon (12-17),False,
OFF00381,Garima Subramaniam,42,M,Bengaluru Rural,0,Two-wheeler,Online/remote,None,Individual - known,Evening (17-21),False,
OFF00382,Chatura Palla,35,F,Bidar,0,On foot,Unlocked access,Firearm,Residence,Morning (6-12),False,
OFF00383,Deepa Mallick,27,F,Mysuru,1,Car,Deception/impersonation,None,Online account,Morning (6-12),False,
OFF00384,Tanish Bal,27,M,Bagalkot,0,On foot,Online/remote,Knife,Online account,Early morning (12-6),False,
OFF00385,Akshay Gole,23,M,Belagavi,1,None,Unlocked access,None,Commercial estab.,Early morning (12-6),False,
OFF00386,Mohammed Nori,31,M,Dakshina Kannada,1,Auto-rickshaw,Unlocked access,None,Individual - known,Evening (17-21),False,
OFF00387,Aarush Golla,31,M,Dakshina Kannada,0,Car,Deception/impersonation,Firearm,Individual - known,Evening (17-21),False,
OFF00388,Sai Boase,41,M,Belagavi,2,On foot,Forced entry,None,Individual - stranger,Night (21-24),False,
OFF00389,Alexander Chand,29,M,Bagalkot,0,On foot,Unlocked access,Chemical/spray,Vehicle,Evening (17-21),False,
OFF00390,Riya Saini,29,M,Dakshina Kannada,0,On foot,Forced entry,Knife,Commercial estab.,Afternoon (12-17),False,
OFF00391,Panini Dugar,16,M,Belagavi,2,On foot,Deception/impersonation,Knife,Individual - known,Night (21-24),False,
OFF00392,Nachiket Nair,44,M,Tumakuru,0,Two-wheeler,Deception/impersonation,None,Vehicle,Night (21-24),False,
OFF00393,Atharv Dugal,22,M,Koppal,1,Two-wheeler,Unlocked access,None,Individual - stranger,Morning (6-12),False,
OFF00394,Aryan Bumb,37,M,Mandya,1,Two-wheeler,Deception/impersonation,Chemical/spray,Individual - known,Evening (17-21),False,
OFF00395,Vaishnavi Samra,21,M,Davanagere,1,None,Unlocked access,Blunt object,Individual - stranger,Early morning (12-6),False,
OFF00396,Timothy Sachdeva,48,M,Kalaburagi,2,Two-wheeler,Forced entry,Chemical/spray,Commercial estab.,Night (21-24),False,
OFF00397,Hritik Vala,40,M,Udupi,0,Auto-rickshaw,Online/remote,Blunt object,Individual - stranger,Night (21-24),False,
OFF00398,Orinder Sani,43,M,Mysuru,0,Car,Forced entry,None,Individual - known,Morning (6-12),False,
OFF00399,Lucky Sur,42,M,Koppal,0,Two-wheeler,Deception/impersonation,Knife,Online account,Morning (6-12),False,
OFF00400,Arin Kannan,16,M,Bidar,1,Two-wheeler,Online/remote,Knife,Individual - stranger,Afternoon (12-17),False,
OFF00401,Ayaan Amble,21,M,Hubballi-Dharwad,0,Two-wheeler,Forced entry,Blunt object,Online account,Early morning (12-6),False,
OFF00402,Matthew Kakar,43,F,Mandya,1,None,Deception/impersonation,None,Individual - known,Afternoon (12-17),False,
OFF00403,Joshua Mann,31,M,Ramanagara,1,Two-wheeler,Deception/impersonation,Blunt object,Residence,Night (21-24),False,
OFF00404,Darpan Amble,24,M,Chikkaballapur,0,Two-wheeler,Online/remote,None,Residence,Early morning (12-6),False,
OFF00405,Tanveer Gill,23,M,Davanagere,0,On foot,Deception/impersonation,Blunt object,Vehicle,Early morning (12-6),False,
OFF00406,Ranveer Walia,19,M,Bengaluru Rural,0,Two-wheeler,Unlocked access,None,Residence,Evening (17-21),False,
OFF00407,Yamini Pandya,29,M,Kodagu,0,Two-wheeler,N/A,Blunt object,Online account,Evening (17-21),False,
OFF00408,Rushil Basak,22,M,Yadgir,1,Car,Deception/impersonation,Blunt object,Vehicle,Afternoon (12-17),False,
OFF00409,Aditya Sharaf,38,M,Bengaluru Rural,1,On foot,Unlocked access,Blunt object,Individual - stranger,Evening (17-21),False,
OFF00410,Naksh Sanghvi,29,M,Tumakuru,0,Car,Deception/impersonation,None,Commercial estab.,Early morning (12-6),False,
OFF00411,Sathvik Mann,40,M,Uttara Kannada,2,Car,N/A,None,Residence,Night (21-24),False,
OFF00412,Tanmayi Bail,18,F,Udupi,1,On foot,N/A,Blunt object,Individual - known,Morning (6-12),False,
OFF00413,Frederick Sharma,29,M,Ballari,1,None,Deception/impersonation,Knife,Online account,Early morning (12-6),False,
OFF00414,Chanchal Sarkar,22,M,Gadag,1,Auto-rickshaw,Deception/impersonation,None,Vehicle,Morning (6-12),False,
OFF00415,Jairaj Sarin,20,F,Belagavi,0,Car,Forced entry,None,Individual - known,Night (21-24),False,
OFF00416,Balveer Randhawa,29,F,Chikkamagaluru,1,Two-wheeler,N/A,None,Individual - known,Evening (17-21),False,
OFF00417,Omkaar Kant,38,M,Bidar,1,On foot,Unlocked access,None,Residence,Evening (17-21),False,
OFF00418,Frado Bose,34,M,Shivamogga,0,Auto-rickshaw,Deception/impersonation,None,Individual - known,Morning (6-12),False,
OFF00419,Gunbir Palla,29,M,Belagavi,1,Two-wheeler,Unlocked access,None,Residence,Evening (17-21),False,
OFF00420,Ethan Keer,36,M,Udupi,1,On foot,Online/remote,None,Residence,Early morning (12-6),False,
OFF00421,Elijah Kunda,24,M,Tumakuru,2,None,Forced entry,None,Residence,Morning (6-12),False,
OFF00422,Gabriel Dua,32,M,Davanagere,0,Auto-rickshaw,N/A,None,Residence,Afternoon (12-17),False,
OFF00423,Gaurang Tak,19,M,Raichur,0,Auto-rickshaw,N/A,Blunt object,Individual - known,Early morning (12-6),False,
OFF00424,Udarsh Naidu,20,M,Belagavi,0,Two-wheeler,Forced entry,None,Individual - known,Morning (6-12),False,
OFF00425,Faqid Sarraf,29,M,Gadag,0,Two-wheeler,N/A,Knife,Individual - stranger,Early morning (12-6),False,
OFF00426,Vrinda Sathe,35,M,Koppal,0,Auto-rickshaw,Unlocked access,None,Residence,Early morning (12-6),False,
OFF00427,Laksh Bhalla,48,M,Hubballi-Dharwad,0,None,Online/remote,Blunt object,Commercial estab.,Evening (17-21),False,
OFF00428,Zehaan Borah,18,M,Hubballi-Dharwad,1,Car,Unlocked access,Chemical/spray,Residence,Afternoon (12-17),False,
OFF00429,Vihaan Seth,29,M,Chitradurga,0,None,N/A,None,Residence,Evening (17-21),False,
OFF00430,Ayush Pillay,28,M,Bengaluru Rural,3,Two-wheeler,Deception/impersonation,None,Commercial estab.,Morning (6-12),False,
OFF00431,Balvan Chana,24,M,Ballari,0,None,Forced entry,Chemical/spray,Online account,Afternoon (12-17),False,
OFF00432,Vihaan Barman,26,M,Davanagere,0,None,N/A,None,Residence,Morning (6-12),False,
OFF00433,Girindra Nagy,19,M,Bengaluru Urban,2,Car,Forced entry,Blunt object,Commercial estab.,Night (21-24),False,
OFF00434,Zashil Dora,40,M,Ballari,0,On foot,Forced entry,None,Individual - known,Afternoon (12-17),False,
OFF00435,Umang Chauhan,51,M,Bagalkot,1,Two-wheeler,Unlocked access,Knife,Commercial estab.,Afternoon (12-17),False,
OFF00436,Chaman Thaman,26,F,Hubballi-Dharwad,0,On foot,Unlocked access,Knife,Online account,Afternoon (12-17),False,
OFF00437,Anusha Kota,19,M,Haveri,0,Car,N/A,Knife,Vehicle,Morning (6-12),False,
OFF00438,Theodore Viswanathan,26,M,Hassan,0,None,Deception/impersonation,None,Individual - stranger,Early morning (12-6),False,
OFF00439,Qabil Pradhan,29,M,Bengaluru Urban,1,None,Online/remote,None,Vehicle,Morning (6-12),False,
OFF00440,Rishi Rege,33,M,Hubballi-Dharwad,0,Car,Forced entry,None,Vehicle,Morning (6-12),False,
OFF00441,Atharv Natt,16,M,Kodagu,0,Car,Forced entry,None,Online account,Evening (17-21),False,
OFF00442,Nitesh Chandra,31,M,Shivamogga,1,On foot,Unlocked access,Blunt object,Commercial estab.,Evening (17-21),False,
OFF00443,Lucky Krishnan,42,M,Kolar,0,None,Deception/impersonation,None,Vehicle,Morning (6-12),False,
OFF00444,Ojas Bumb,39,M,Tumakuru,0,On foot,Unlocked access,Blunt object,Online account,Night (21-24),False,
OFF00445,Parth Mukherjee,27,F,Chikkaballapur,0,Two-wheeler,Unlocked access,Knife,Vehicle,Morning (6-12),False,
OFF00446,Dhruv Chad,42,M,Hassan,1,On foot,Deception/impersonation,Blunt object,Individual - known,Afternoon (12-17),False,
OFF00447,Riya Narasimhan,23,M,Ramanagara,0,Two-wheeler,Deception/impersonation,None,Residence,Morning (6-12),False,
OFF00448,Chakradhar Sampath,25,M,Vijayapura,0,Two-wheeler,Forced entry,None,Commercial estab.,Evening (17-21),False,
OFF00449,Adya Patil,31,F,Hassan,0,Auto-rickshaw,Deception/impersonation,None,Individual - stranger,Evening (17-21),False,
OFF00450,Gautam Kala,23,M,Udupi,0,On foot,Unlocked access,None,Individual - stranger,Afternoon (12-17),False,
OFF00451,Xavier Handa,16,M,Dakshina Kannada,1,Two-wheeler,Deception/impersonation,None,Commercial estab.,Morning (6-12),False,
OFF00452,Ekapad Dubey,37,M,Ramanagara,0,Two-wheeler,Deception/impersonation,Knife,Vehicle,Evening (17-21),False,
OFF00453,Manbir Chaudhuri,16,M,Koppal,0,On foot,N/A,Firearm,Individual - known,Early morning (12-6),False,
OFF00454,Om Deep,26,M,Kalaburagi,0,Auto-rickshaw,N/A,Blunt object,Online account,Night (21-24),False,
OFF00455,Faraj Gaba,33,M,Ballari,1,Two-wheeler,Forced entry,None,Vehicle,Evening (17-21),False,
OFF00456,Fitan Sarma,35,M,Bidar,0,Two-wheeler,Deception/impersonation,Blunt object,Online account,Night (21-24),False,
OFF00457,Samesh Patla,25,M,Kalaburagi,0,On foot,Deception/impersonation,Chemical/spray,Commercial estab.,Early morning (12-6),False,
OFF00458,Tristan Mane,28,M,Hassan,1,Car,Forced entry,Knife,Commercial estab.,Morning (6-12),False,
OFF00459,Jackson Walla,16,M,Hubballi-Dharwad,0,Auto-rickshaw,Forced entry,None,Commercial estab.,Afternoon (12-17),False,
OFF00460,Mohammed Singh,30,M,Bengaluru Rural,0,On foot,Forced entry,None,Residence,Night (21-24),False,
OFF00461,Qarin Sastry,28,M,Ballari,0,None,Forced entry,Blunt object,Vehicle,Evening (17-21),False,
OFF00462,Megha Raja,34,M,Yadgir,0,Auto-rickshaw,N/A,Firearm,Commercial estab.,Afternoon (12-17),False,
OFF00463,Faris Iyengar,39,F,Haveri,0,Two-wheeler,N/A,Knife,Vehicle,Night (21-24),False,
OFF00464,Jeremiah Ben,27,M,Dakshina Kannada,0,Auto-rickshaw,Unlocked access,Chemical/spray,Individual - known,Morning (6-12),False,
OFF00465,Quincy Chauhan,25,M,Bidar,1,Two-wheeler,Online/remote,None,Online account,Morning (6-12),False,
OFF00466,Lucky Chacko,21,M,Yadgir,0,Two-wheeler,Forced entry,None,Commercial estab.,Night (21-24),False,
OFF00467,Laban Sengupta,21,M,Chikkamagaluru,3,Two-wheeler,N/A,Knife,Commercial estab.,Early morning (12-6),False,
OFF00468,Tejas Chand,16,M,Chikkaballapur,0,None,Forced entry,Chemical/spray,Vehicle,Early morning (12-6),False,
OFF00469,Umang Palla,23,F,Ramanagara,0,Car,Online/remote,None,Online account,Evening (17-21),False,
OFF00470,Sarthak Bera,45,M,Hubballi-Dharwad,1,Car,Online/remote,None,Vehicle,Evening (17-21),False,
OFF00471,Zayan Prakash,28,F,Shivamogga,1,On foot,Forced entry,Blunt object,Residence,Afternoon (12-17),False,
OFF00472,Reyansh Bumb,37,M,Tumakuru,2,Car,Deception/impersonation,Blunt object,Online account,Early morning (12-6),False,
OFF00473,Jasmit Bala,29,M,Tumakuru,0,Auto-rickshaw,Deception/impersonation,None,Commercial estab.,Night (21-24),False,
OFF00474,Chandran Nayak,22,M,Kalaburagi,1,Auto-rickshaw,Online/remote,Blunt object,Residence,Early morning (12-6),False,
OFF00475,Ekapad Barad,26,M,Tumakuru,0,None,Online/remote,None,Vehicle,Night (21-24),False,
OFF00476,Warinder Dewan,29,M,Chamarajanagar,1,On foot,Forced entry,None,Commercial estab.,Early morning (12-6),False,
OFF00477,Vanya Ahluwalia,16,M,Vijayapura,0,Car,Online/remote,None,Online account,Early morning (12-6),False,
OFF00478,Aditya Kunda,20,M,Hassan,1,None,Online/remote,None,Commercial estab.,Night (21-24),False,
OFF00479,Falan Wable,24,M,Chamarajanagar,0,Car,Forced entry,None,Commercial estab.,Early morning (12-6),False,
OFF00480,Christopher Mani,25,M,Kalaburagi,1,On foot,Unlocked access,Knife,Residence,Evening (17-21),False,
OFF00481,Matthew Dara,37,F,Udupi,1,Two-wheeler,Online/remote,Chemical/spray,Online account,Morning (6-12),False,
OFF00482,Jagdish Saini,22,M,Vijayapura,0,None,Deception/impersonation,Blunt object,Online account,Afternoon (12-17),False,
OFF00483,Azad Choudhry,31,M,Davanagere,1,Auto-rickshaw,Deception/impersonation,None,Residence,Night (21-24),False,
OFF00484,Abhiram Varma,20,M,Dakshina Kannada,0,Two-wheeler,N/A,Chemical/spray,Residence,Night (21-24),False,
OFF00485,Ekbal Manne,23,M,Tumakuru,2,Two-wheeler,Online/remote,None,Residence,Afternoon (12-17),False,
OFF00486,Aachal Pandit,37,M,Haveri,2,Car,Unlocked access,None,Individual - known,Early morning (12-6),False,
OFF00487,Sathvik Grover,25,M,Chitradurga,1,Auto-rickshaw,Deception/impersonation,Knife,Online account,Early morning (12-6),False,
OFF00488,Pranit Bir,21,F,Vijayapura,0,Auto-rickshaw,Online/remote,None,Individual - stranger,Night (21-24),False,
OFF00489,Robert Singhal,16,M,Kalaburagi,2,Car,Unlocked access,Knife,Online account,Evening (17-21),False,
OFF00490,Sara Prakash,16,M,Mandya,0,Car,Unlocked access,Blunt object,Vehicle,Morning (6-12),False,
OFF00491,Abhiram Parikh,30,M,Bagalkot,1,Car,N/A,Blunt object,Individual - known,Afternoon (12-17),False,
OFF00492,Orinder Khosla,27,M,Ballari,3,Car,Online/remote,Blunt object,Residence,Afternoon (12-17),False,
OFF00493,Ojas Deol,36,M,Kodagu,0,Two-wheeler,Online/remote,None,Online account,Night (21-24),False,
OFF00494,Patrick Nigam,21,M,Hassan,2,On foot,N/A,None,Online account,Evening (17-21),False,
OFF00495,Vincent Srinivas,19,M,Kodagu,0,On foot,Unlocked access,Chemical/spray,Residence,Evening (17-21),False,
OFF00496,Ekanta Bhatnagar,33,F,Chikkamagaluru,2,On foot,Deception/impersonation,Firearm,Individual - known,Early morning (12-6),False,
OFF00497,Andrew Memon,28,M,Hubballi-Dharwad,2,Car,Forced entry,None,Residence,Morning (6-12),False,
OFF00498,Anthony Iyengar,28,M,Udupi,0,On foot,Online/remote,Blunt object,Individual - stranger,Morning (6-12),False,
OFF00499,Nakul Mukherjee,33,M,Raichur,0,Auto-rickshaw,Online/remote,None,Individual - stranger,Night (21-24),False,
OFF00500,Warjas Kulkarni,35,M,Bengaluru Urban,1,Car,N/A,None,Online account,Early morning (12-6),False,
OFF00501,Girish Mangal,34,M,Haveri,2,Car,Deception/impersonation,None,Commercial estab.,Night (21-24),False,
OFF00502,Arjun Narula,16,M,Chamarajanagar,1,Two-wheeler,Deception/impersonation,Chemical/spray,Commercial estab.,Night (21-24),False,
OFF00503,David Pillai,26,M,Ramanagara,0,On foot,Deception/impersonation,Chemical/spray,Commercial estab.,Afternoon (12-17),False,
OFF00504,Ryan Sarraf,28,M,Yadgir,2,Auto-rickshaw,Forced entry,None,Online account,Morning (6-12),False,
OFF00505,Omkaar Grover,40,M,Mandya,0,On foot,Forced entry,None,Online account,Early morning (12-6),False,
OFF00506,Yuvraj Pillai,25,M,Udupi,1,None,N/A,None,Individual - stranger,Early morning (12-6),False,
OFF00507,Benjamin Samra,18,M,Haveri,0,Two-wheeler,Online/remote,None,Individual - stranger,Night (21-24),False,
OFF00508,Tanveer Gole,33,M,Kalaburagi,1,Two-wheeler,Deception/impersonation,None,Individual - stranger,Night (21-24),False,
OFF00509,Naveen Chauhan,16,M,Belagavi,0,Auto-rickshaw,Forced entry,None,Vehicle,Early morning (12-6),False,
OFF00510,Nihal Merchant,19,M,Hassan,0,On foot,N/A,None,Residence,Night (21-24),False,
OFF00511,Vansha Sandhu,21,M,Bidar,2,Car,Unlocked access,None,Commercial estab.,Morning (6-12),False,
OFF00512,Tristan Panchal,16,M,Ballari,0,Two-wheeler,Forced entry,Knife,Individual - stranger,Night (21-24),False,
OFF00513,Ansh Pandit,44,M,Mysuru,0,None,Forced entry,Blunt object,Individual - stranger,Afternoon (12-17),False,
OFF00514,Laksh Bhandari,22,M,Tumakuru,1,Car,Online/remote,None,Individual - known,Early morning (12-6),False,
OFF00515,Tanmayi Patla,24,M,Gadag,1,Car,Online/remote,Blunt object,Individual - stranger,Early morning (12-6),False,
OFF00516,Alexander Dhar,52,M,Koppal,1,On foot,Deception/impersonation,None,Commercial estab.,Night (21-24),False,
OFF00517,Anay Date,47,M,Davanagere,1,Car,Unlocked access,None,Commercial estab.,Evening (17-21),False,
OFF00518,Jacob Peri,39,M,Kodagu,0,Auto-rickshaw,Online/remote,Knife,Individual - known,Early morning (12-6),False,
OFF00519,Rehaan Bali,28,M,Kodagu,0,On foot,Forced entry,None,Vehicle,Evening (17-21),False,
OFF00520,Umang Prabhakar,40,M,Hubballi-Dharwad,0,None,Online/remote,Blunt object,Vehicle,Early morning (12-6),False,
OFF00521,Vamakshi Bose,39,F,Bagalkot,2,On foot,Online/remote,Chemical/spray,Individual - stranger,Evening (17-21),False,
OFF00522,Qadim Rao,23,M,Koppal,0,Car,Forced entry,Blunt object,Online account,Night (21-24),False,
OFF00523,Liam Krish,25,M,Chikkaballapur,0,On foot,Deception/impersonation,None,Online account,Night (21-24),False,
OFF00524,Agastya Grewal,21,M,Ballari,0,Auto-rickshaw,Deception/impersonation,Knife,Online account,Evening (17-21),False,
OFF00525,Rishi Dalal,33,M,Ramanagara,3,None,Forced entry,None,Individual - known,Night (21-24),False,
OFF00526,Kalpit Sehgal,16,F,Kodagu,0,On foot,Forced entry,Blunt object,Residence,Morning (6-12),False,
OFF00527,Luke Swaminathan,39,M,Mandya,0,On foot,N/A,Knife,Commercial estab.,Morning (6-12),False,
OFF00528,Darsh Deshmukh,34,M,Chikkaballapur,0,Auto-rickshaw,Forced entry,Firearm,Commercial estab.,Afternoon (12-17),False,
OFF00529,Upkaar Gera,25,M,Koppal,1,Two-wheeler,Forced entry,None,Individual - stranger,Night (21-24),False,
OFF00530,Caleb Nagarajan,38,M,Uttara Kannada,0,None,N/A,Knife,Vehicle,Night (21-24),False,
OFF00531,Bachittar Mannan,16,M,Shivamogga,0,Car,Forced entry,Blunt object,Commercial estab.,Afternoon (12-17),False,
OFF00532,Farhan Ghosh,18,M,Hassan,0,Car,Online/remote,None,Online account,Morning (6-12),False,
OFF00533,Isaac Dara,24,M,Koppal,0,Car,N/A,None,Online account,Early morning (12-6),False,
OFF00534,Ekaraj Khalsa,35,M,Belagavi,0,Auto-rickshaw,Forced entry,None,Individual - known,Morning (6-12),False,
OFF00535,Agastya Patel,38,F,Kalaburagi,1,Auto-rickshaw,Unlocked access,Blunt object,Individual - stranger,Evening (17-21),False,
OFF00536,Vivaan Dayal,27,M,Gadag,1,None,Forced entry,Blunt object,Commercial estab.,Evening (17-21),False,
OFF00537,Bachittar More,18,F,Belagavi,0,Auto-rickshaw,Forced entry,None,Individual - stranger,Night (21-24),False,
OFF00538,Wakeeta Vora,28,M,Hassan,1,None,Unlocked access,Knife,Individual - known,Morning (6-12),False,
OFF00539,Samarth Borah,43,M,Chitradurga,1,Car,N/A,Firearm,Commercial estab.,Night (21-24),False,
OFF00540,Nitara Borah,24,M,Vijayapura,1,Auto-rickshaw,Deception/impersonation,Chemical/spray,Commercial estab.,Morning (6-12),False,
OFF00541,Viraj Varughese,35,M,Ramanagara,1,None,Deception/impersonation,Blunt object,Vehicle,Afternoon (12-17),False,
OFF00542,Devansh Gopal,40,F,Koppal,0,On foot,Unlocked access,None,Online account,Afternoon (12-17),False,
OFF00543,Tarak Thakkar,20,F,Belagavi,0,On foot,N/A,None,Online account,Afternoon (12-17),False,
OFF00544,David Vasa,20,M,Kolar,1,Auto-rickshaw,N/A,Knife,Online account,Evening (17-21),False,
OFF00545,Max Gala,37,F,Kolar,0,Car,Online/remote,Blunt object,Vehicle,Early morning (12-6),False,
OFF00546,Neel Kar,21,M,Gadag,1,Two-wheeler,Unlocked access,None,Individual - known,Afternoon (12-17),False,
OFF00547,Lucky Brar,24,M,Bengaluru Rural,0,Car,Unlocked access,Blunt object,Individual - stranger,Afternoon (12-17),False,
OFF00548,Guneet Maharaj,28,M,Kodagu,1,None,Unlocked access,Blunt object,Vehicle,Evening (17-21),False,
OFF00549,Max Walla,16,M,Uttara Kannada,0,Car,Forced entry,Chemical/spray,Commercial estab.,Evening (17-21),False,
OFF00550,Yashasvi Ganguly,36,F,Shivamogga,1,None,Forced entry,None,Residence,Morning (6-12),False,
OFF00551,Frederick Nazareth,31,M,Kodagu,1,Auto-rickshaw,Unlocked access,Chemical/spray,Online account,Afternoon (12-17),False,
OFF00552,Akshay Bumb,29,M,Chitradurga,0,On foot,Unlocked access,None,Individual - known,Early morning (12-6),False,
OFF00553,Kevin Kade,16,M,Mandya,2,Two-wheeler,Online/remote,None,Residence,Night (21-24),False,
OFF00554,Alexander Tank,24,M,Kodagu,1,Car,Forced entry,None,Online account,Morning (6-12),False,
OFF00555,Matthew Subramanian,17,F,Chitradurga,2,Two-wheeler,N/A,Blunt object,Residence,Evening (17-21),False,
OFF00556,Samaksh Mishra,50,M,Mysuru,0,Car,N/A,None,Individual - known,Night (21-24),False,
OFF00557,Balhaar Bhasin,25,M,Bidar,0,None,N/A,None,Residence,Morning (6-12),False,
OFF00558,Urvi Sagar,24,M,Shivamogga,1,Car,Deception/impersonation,None,Vehicle,Night (21-24),False,
OFF00559,Vincent Jani,19,M,Udupi,2,Two-wheeler,Forced entry,Knife,Commercial estab.,Morning (6-12),False,
OFF00560,Eshana Munshi,29,M,Chitradurga,1,On foot,Forced entry,Knife,Residence,Evening (17-21),False,
OFF00561,Pooja Rastogi,28,F,Raichur,0,Car,N/A,Blunt object,Individual - stranger,Night (21-24),False,
OFF00562,Qasim Varma,21,M,Uttara Kannada,0,None,Online/remote,None,Residence,Morning (6-12),False,
OFF00563,Nathaniel Khurana,24,M,Dakshina Kannada,0,On foot,N/A,None,Online account,Early morning (12-6),False,
OFF00564,Darsh Loke,47,M,Kalaburagi,1,Auto-rickshaw,Forced entry,None,Online account,Evening (17-21),False,
OFF00565,Jatin Dhaliwal,29,F,Bagalkot,1,On foot,Forced entry,None,Residence,Early morning (12-6),False,
OFF00566,Aryan Mannan,22,M,Uttara Kannada,0,Car,N/A,None,Individual - known,Afternoon (12-17),False,
OFF00567,Shaurya Kothari,23,M,Raichur,0,Auto-rickshaw,Deception/impersonation,None,Online account,Early morning (12-6),False,
OFF00568,Nihal Munshi,34,M,Chitradurga,0,Two-wheeler,N/A,None,Individual - stranger,Afternoon (12-17),False,
OFF00569,Gauri Tara,39,M,Uttara Kannada,0,Car,N/A,None,Commercial estab.,Evening (17-21),False,
OFF00570,Zaid Morar,22,M,Hassan,0,On foot,N/A,None,Online account,Evening (17-21),False,
OFF00571,Advay Chana,25,M,Tumakuru,0,On foot,Deception/impersonation,Knife,Online account,Afternoon (12-17),False,
OFF00572,Yashawini Shankar,33,M,Kodagu,2,None,Unlocked access,None,Individual - stranger,Night (21-24),False,
OFF00573,Hritik Pandit,28,M,Mysuru,1,Car,Unlocked access,Blunt object,Online account,Afternoon (12-17),False,
OFF00574,Aryan Manda,22,F,Kodagu,0,None,Unlocked access,None,Individual - known,Night (21-24),False,
OFF00575,Wahab Mangal,31,M,Hubballi-Dharwad,1,None,Forced entry,Firearm,Vehicle,Evening (17-21),False,
OFF00576,Chatura Sankar,22,M,Gadag,2,Two-wheeler,Deception/impersonation,None,Online account,Night (21-24),False,
OFF00577,Kevin Pau,16,M,Belagavi,1,On foot,Forced entry,None,Individual - stranger,Morning (6-12),False,
OFF00578,Qadim Bath,30,M,Chitradurga,1,Car,N/A,None,Vehicle,Afternoon (12-17),False,
OFF00579,Atharv Hayer,35,F,Hubballi-Dharwad,0,Two-wheeler,Deception/impersonation,None,Individual - known,Evening (17-21),False,
OFF00580,Maanas Borah,27,M,Gadag,0,Car,Online/remote,None,Residence,Afternoon (12-17),False,
OFF00581,Zayyan Seshadri,37,M,Koppal,0,None,Forced entry,Blunt object,Individual - known,Night (21-24),False,
OFF00582,Daniel Dave,34,M,Koppal,2,Two-wheeler,Forced entry,Firearm,Vehicle,Early morning (12-6),False,
OFF00583,Ronith Prakash,24,M,Udupi,2,None,Unlocked access,Chemical/spray,Vehicle,Afternoon (12-17),False,
OFF00584,Qadim Dhawan,24,F,Hassan,0,On foot,Deception/impersonation,None,Vehicle,Afternoon (12-17),False,
OFF00585,Sai Tella,22,M,Mysuru,2,Auto-rickshaw,Deception/impersonation,None,Online account,Morning (6-12),False,
OFF00586,Arin Barad,30,M,Chitradurga,1,On foot,N/A,None,Individual - known,Morning (6-12),False,
OFF00587,Ojas Som,19,M,Kodagu,1,On foot,Online/remote,Chemical/spray,Individual - stranger,Morning (6-12),False,
OFF00588,Falan Varma,32,M,Vijayapura,0,Car,Unlocked access,None,Individual - known,Night (21-24),False,
OFF00589,Omisha Nagar,29,M,Hassan,0,Auto-rickshaw,Forced entry,None,Online account,Afternoon (12-17),False,
OFF00590,Ronith Mistry,26,F,Koppal,2,Car,Deception/impersonation,Knife,Vehicle,Morning (6-12),False,
OFF00591,Zehaan Upadhyay,21,M,Chikkaballapur,2,Two-wheeler,N/A,None,Individual - known,Night (21-24),False,
OFF00592,Mason Soman,34,M,Davanagere,1,Auto-rickshaw,Online/remote,Firearm,Individual - stranger,Night (21-24),False,
OFF00593,Raksha Narula,40,M,Ballari,0,Two-wheeler,N/A,Knife,Individual - known,Morning (6-12),False,
OFF00594,Sathvik Morar,27,M,Haveri,0,Two-wheeler,Unlocked access,None,Residence,Early morning (12-6),False,
OFF00595,Warjas Lanka,40,M,Kalaburagi,0,None,Unlocked access,Knife,Commercial estab.,Early morning (12-6),False,
OFF00596,Atharv Srinivasan,28,M,Chikkaballapur,0,On foot,Unlocked access,Knife,Individual - stranger,Night (21-24),False,
OFF00597,Ranveer Divan,36,M,Yadgir,0,On foot,N/A,Chemical/spray,Vehicle,Night (21-24),False,
OFF00598,Amol Choudhary,33,F,Bagalkot,0,Car,Forced entry,None,Vehicle,Evening (17-21),False,
OFF00599,Adya Sastry,25,M,Chamarajanagar,0,Auto-rickshaw,N/A,None,Vehicle,Morning (6-12),False,
OFF00600,Shaurya Doshi,20,M,Hubballi-Dharwad,1,Car,Online/remote,Knife,Individual - stranger,Morning (6-12),False,
OFF00601,Harsh Roy,16,M,Bengaluru Urban,1,On foot,N/A,Firearm,Vehicle,Evening (17-21),False,
OFF00602,Azaan Devi,40,M,Hubballi-Dharwad,2,Auto-rickshaw,N/A,Knife,Vehicle,Night (21-24),False,
OFF00603,Nicholas Sridhar,18,M,Gadag,1,On foot,N/A,None,Individual - stranger,Evening (17-21),False,
OFF00604,Naksh Ghose,39,M,Bengaluru Rural,0,None,Online/remote,None,Commercial estab.,Evening (17-21),False,
OFF00605,Onveer Pandya,25,M,Yadgir,1,None,Forced entry,None,Residence,Evening (17-21),False,
OFF00606,Wyatt Handa,33,F,Mysuru,1,Car,N/A,Firearm,Commercial estab.,Afternoon (12-17),False,
OFF00607,Liam Misra,16,M,Uttara Kannada,0,Two-wheeler,N/A,None,Vehicle,Early morning (12-6),False,
OFF00608,Manthan Mani,30,M,Uttara Kannada,0,Car,Online/remote,None,Individual - known,Evening (17-21),False,
OFF00609,Yash Nadig,38,M,Kodagu,3,None,Online/remote,Knife,Vehicle,Afternoon (12-17),False,
OFF00610,Priya Mahal,17,M,Kalaburagi,1,Auto-rickshaw,N/A,Blunt object,Commercial estab.,Morning (6-12),False,
OFF00611,Darsh Raghavan,31,M,Vijayapura,1,Car,N/A,None,Online account,Evening (17-21),False,
OFF00612,Orinder Dhingra,34,F,Gadag,0,Two-wheeler,Unlocked access,None,Online account,Morning (6-12),False,
OFF00613,Ansh Mani,38,M,Uttara Kannada,0,Car,N/A,Knife,Online account,Early morning (12-6),False,
OFF00614,Oscar Sathe,27,F,Bengaluru Urban,0,Two-wheeler,Unlocked access,None,Vehicle,Evening (17-21),False,
OFF00615,Wriddhish Kala,24,M,Davanagere,2,Two-wheeler,N/A,None,Commercial estab.,Evening (17-21),False,
OFF00616,Krishna Magar,28,M,Haveri,1,None,Forced entry,Chemical/spray,Individual - known,Evening (17-21),False,
OFF00617,Chatura Khatri,30,M,Gadag,1,None,Deception/impersonation,None,Vehicle,Night (21-24),False,
OFF00618,Aryan Wali,31,M,Hubballi-Dharwad,2,Two-wheeler,Deception/impersonation,None,Individual - stranger,Morning (6-12),False,
OFF00619,Jackson Ben,24,M,Raichur,1,Car,Online/remote,None,Individual - known,Night (21-24),False,
OFF00620,Samuel Narayanan,36,M,Yadgir,1,Two-wheeler,N/A,None,Vehicle,Night (21-24),False,
OFF00621,Chandresh Devan,26,F,Vijayapura,0,On foot,N/A,Chemical/spray,Commercial estab.,Evening (17-21),False,
OFF00622,Farhan Ray,25,M,Bidar,0,None,Forced entry,Knife,Vehicle,Afternoon (12-17),False,
OFF00623,William Iyengar,36,M,Mandya,0,Car,N/A,Blunt object,Vehicle,Afternoon (12-17),False,
OFF00624,Naveen Mangal,16,F,Chikkaballapur,0,Auto-rickshaw,Unlocked access,Blunt object,Commercial estab.,Evening (17-21),False,
OFF00625,Chanchal Kata,37,F,Hassan,1,Two-wheeler,Deception/impersonation,None,Online account,Morning (6-12),False,
OFF00626,Gagan Sahni,44,M,Shivamogga,0,Auto-rickshaw,Deception/impersonation,None,Individual - stranger,Afternoon (12-17),False,
OFF00627,Andrew Ranganathan,35,M,Gadag,0,Car,Forced entry,Knife,Individual - known,Evening (17-21),False,
OFF00628,Girik Mann,23,M,Chikkaballapur,2,Car,Unlocked access,Chemical/spray,Online account,Morning (6-12),False,
OFF00629,Aayush Misra,22,M,Bagalkot,1,On foot,Deception/impersonation,None,Individual - known,Morning (6-12),False,
OFF00630,Oliver Mane,29,M,Udupi,0,Two-wheeler,Forced entry,Chemical/spray,Online account,Evening (17-21),False,
OFF00631,Yatin Desai,37,M,Kolar,1,Two-wheeler,Online/remote,None,Residence,Evening (17-21),False,
OFF00632,Madhavi Hans,33,F,Chikkaballapur,0,Car,Online/remote,None,Vehicle,Afternoon (12-17),False,
OFF00633,Noah Gaba,16,M,Belagavi,0,Two-wheeler,N/A,Blunt object,Commercial estab.,Night (21-24),False,
OFF00634,Kabir Grewal,22,M,Kodagu,1,On foot,Online/remote,Chemical/spray,Online account,Night (21-24),False,
OFF00635,Om Merchant,27,M,Bengaluru Urban,1,On foot,Online/remote,Knife,Residence,Afternoon (12-17),False,
OFF00636,Gagan Ravi,37,M,Kolar,1,Car,Unlocked access,None,Vehicle,Afternoon (12-17),False,
OFF00637,Nihal Chadha,29,M,Kalaburagi,0,Auto-rickshaw,Deception/impersonation,None,Commercial estab.,Afternoon (12-17),False,
OFF00638,Champak Goyal,16,M,Chikkaballapur,0,On foot,Forced entry,Blunt object,Individual - known,Night (21-24),False,
OFF00639,William Naik,48,M,Belagavi,2,On foot,Online/remote,Blunt object,Individual - known,Evening (17-21),False,
OFF00640,Aarush Lal,27,F,Kodagu,0,None,N/A,Blunt object,Commercial estab.,Afternoon (12-17),False,
OFF00641,Jacob Sekhon,23,F,Bengaluru Rural,0,Auto-rickshaw,Forced entry,Knife,Individual - stranger,Morning (6-12),False,
OFF00642,Nitesh Mittal,30,M,Koppal,0,Two-wheeler,Online/remote,Blunt object,Residence,Afternoon (12-17),False,
OFF00643,Kalpit Parsa,23,M,Uttara Kannada,0,Car,Deception/impersonation,None,Individual - stranger,Afternoon (12-17),False,
OFF00644,Bhavani Dani,28,F,Kalaburagi,0,None,N/A,Knife,Vehicle,Morning (6-12),False,
OFF00645,Nikita Dutta,16,M,Shivamogga,1,None,Online/remote,Blunt object,Commercial estab.,Early morning (12-6),False,
OFF00646,Zayan Mukhopadhyay,28,M,Koppal,0,On foot,Unlocked access,Knife,Residence,Evening (17-21),False,
OFF00647,Manbir Pillai,27,M,Kodagu,0,Two-wheeler,Forced entry,None,Individual - known,Afternoon (12-17),False,
OFF00648,Imaran Deol,29,M,Vijayapura,0,None,Online/remote,None,Commercial estab.,Afternoon (12-17),False,
OFF00649,Faraj Sha,38,M,Chikkamagaluru,1,Auto-rickshaw,Unlocked access,None,Individual - stranger,Morning (6-12),False,
OFF00650,Sarthak Sinha,23,M,Bagalkot,0,Two-wheeler,Unlocked access,None,Individual - stranger,Early morning (12-6),False,
OFF00651,Jatin Bumb,23,M,Uttara Kannada,1,On foot,Deception/impersonation,None,Online account,Early morning (12-6),True,OFF00066
OFF00652,Pratyush Brahmbhatt,24,M,Vijayapura,0,On foot,Deception/impersonation,None,Online account,Afternoon (12-17),True,OFF00066
OFF00653,Azaan Tiwari,23,M,Yadgir,1,Two-wheeler,Online/remote,None,Residence,Afternoon (12-17),True,OFF00485
OFF00654,Falan Gala,23,M,Shivamogga,0,Two-wheeler,Online/remote,None,Residence,Afternoon (12-17),True,OFF00485
OFF00655,Timothy Dada,20,M,Kodagu,0,None,Online/remote,None,Residence,Morning (6-12),True,OFF00562
OFF00656,Yash Chand,21,M,Ramanagara,1,None,Online/remote,Firearm,Residence,Night (21-24),True,OFF00562
OFF00657,Ayaan Setty,30,M,Vijayapura,2,On foot,N/A,Knife,Commercial estab.,Night (21-24),True,OFF00056
OFF00658,Sarthak Shan,30,M,Hubballi-Dharwad,0,On foot,N/A,Knife,Commercial estab.,Night (21-24),True,OFF00056
OFF00659,Vedhika Morar,30,F,Koppal,0,Two-wheeler,Forced entry,Chemical/spray,Individual - known,Morning (6-12),True,OFF00027
OFF00660,Siya Kumar,29,F,Kolar,0,Two-wheeler,Forced entry,Firearm,Individual - known,Morning (6-12),True,OFF00027
