victim_id,name,age,gender,relation_to_offender
VIC00001,Tejas Bora,45,F,Stranger
VIC00002,Pallavi Padmanabhan,31,M,Stranger
VIC00003,Darpan Biswas,44,M,Stranger
VIC00004,Azad Mangat,55,F,Family member
VIC00005,Pranit Deshmukh,46,M,Stranger
VIC00006,Kavya Raja,26,M,Neighbor
VIC00007,Krishna Prashad,36,F,Stranger
VIC00008,Kiaan Pall,25,M,Stranger
VIC00009,Pranav Yogi,24,M,Stranger
VIC00010,Joshua Kapoor,38,M,Stranger
VIC00011,Arin Misra,22,M,Acquaintance
VIC00012,Panini Wali,5,M,Stranger
VIC00013,Victor Kota,21,F,Stranger
VIC00014,Hiral Dubey,29,M,Stranger
VIC00015,Ranbir Chowdhury,55,M,Stranger
VIC00016,Oni Babu,27,F,Neighbor
VIC00017,Samuel Bhavsar,41,F,Acquaintance
VIC00018,Bahadurjit Sekhon,31,M,Family member
VIC00019,Yash Basu,51,F,Stranger
VIC00020,Reva Kaur,50,F,Stranger
VIC00021,Daksh Dey,50,M,Acquaintance
VIC00022,Vivaan Nagar,9,F,Stranger
VIC00023,Warjas Mittal,36,F,Stranger
VIC00024,Timothy Sachdev,44,M,Stranger
VIC00025,Anvi Bhat,39,F,Stranger
VIC00026,Prisha Tandon,42,M,Stranger
VIC00027,Hemangini Raj,34,F,Family member
VIC00028,Omaja Rege,23,M,Stranger
VIC00029,Charita Puri,10,M,Stranger
VIC00030,Urvashi Khosla,24,M,Family member
VIC00031,Charita Dhawan,71,F,Stranger
VIC00032,Dalbir Sachar,27,F,Stranger
VIC00033,Krish Rama,6,F,Colleague
VIC00034,Aadhya Jani,44,M,Family member
VIC00035,Farhan Sengupta,45,M,Stranger
VIC00036,George Wason,52,M,Family member
VIC00037,Charan Loyal,40,F,Family member
VIC00038,Balveer Bora,45,M,Family member
VIC00039,Teerth Srinivas,59,M,Family member
VIC00040,Gaurangi Mitter,23,M,Family member
VIC00041,Siddharth Gupta,20,M,Stranger
VIC00042,Varenya Kibe,18,F,Acquaintance
VIC00043,Mekhala Khatri,30,F,Stranger
VIC00044,Barkha Rai,54,F,Stranger
VIC00045,Jagrati Morar,41,M,Acquaintance
VIC00046,Jagvi Varghese,40,M,Neighbor
VIC00047,Unnati Chaudhari,8,F,Stranger
VIC00048,Ekaja Jani,24,F,Stranger
VIC00049,Dhriti Sachdev,8,F,Neighbor
VIC00050,Timothy Dhingra,50,M,Stranger
VIC00051,Advika Sahni,56,F,Stranger
VIC00052,Michael Hayre,44,M,Stranger
VIC00053,Victor Raghavan,20,M,Family member
VIC00054,Xalak Nazareth,54,M,Stranger
VIC00055,Vrinda Swaminathan,30,F,Stranger
VIC00056,Om Pandey,16,F,Stranger
VIC00057,Logan Suresh,20,M,Stranger
VIC00058,Daniel Viswanathan,27,M,Acquaintance
VIC00059,Falan Bava,34,F,Colleague
VIC00060,Nitara Devan,31,F,Stranger
VIC00061,Ekansh Dora,14,F,Family member
VIC00062,Tejas Tiwari,50,F,Stranger
VIC00063,Kashvi Bhasin,31,M,Colleague
VIC00064,Vinaya Babu,24,F,Family member
VIC00065,Nisha Arora,49,F,Stranger
VIC00066,Anvi Wason,17,M,Acquaintance
VIC00067,Anay Thakkar,11,M,Stranger
VIC00068,Praneel Chhabra,51,F,Stranger
VIC00069,Manthan Khosla,60,M,Stranger
VIC00070,Zayyan Pandya,27,F,Stranger
VIC00071,Mekhala Brar,33,M,Stranger
VIC00072,Nidra Sharaf,17,F,Stranger
VIC00073,Upkaar Mital,34,F,Neighbor
VIC00074,Azad Chander,27,F,Stranger
VIC00075,Ladli Purohit,32,M,Stranger
VIC00076,Daksh Andra,39,M,Stranger
VIC00077,Fitan Tata,18,M,Acquaintance
VIC00078,Garima Chandran,28,M,Stranger
VIC00079,Victor Kakar,8,M,Neighbor
VIC00080,Anika Batra,29,F,Stranger
VIC00081,Avni Bali,32,F,Acquaintance
VIC00082,Divya Babu,37,F,Stranger
VIC00083,Maanas Rao,37,F,Stranger
VIC00084,Chandani Gaba,46,F,Acquaintance
VIC00085,Lopa Zachariah,12,M,Acquaintance
VIC00086,Leena Dey,13,M,Acquaintance
VIC00087,Xiti Pal,41,M,Family member
VIC00088,Guneet Sarkar,5,M,Neighbor
VIC00089,Faqid Oak,36,M,Stranger
VIC00090,Eta Balan,17,M,Acquaintance
VIC00091,Shravya Swaminathan,56,F,Acquaintance
VIC00092,Ishani Prashad,37,F,Family member
VIC00093,Quincy Rai,30,M,Stranger
VIC00094,Chakrika Koshy,51,F,Stranger
VIC00095,Fitan Loyal,19,F,Stranger
VIC00096,Lajita Dube,21,M,Neighbor
VIC00097,Edhitha Patel,16,M,Family member
VIC00098,Gavin Ahluwalia,21,M,Acquaintance
VIC00099,Sai Parsa,34,F,Stranger
VIC00100,Harsh Deo,40,M,Family member
VIC00101,Rachit Sankar,47,F,Stranger
VIC00102,Yauvani Reddy,8,M,Stranger
VIC00103,Atharv Chakraborty,31,M,Neighbor
VIC00104,Girik Nair,18,F,Stranger
VIC00105,Advik Manne,31,F,Acquaintance
VIC00106,Lipika Chad,66,M,Acquaintance
VIC00107,Omkaar Rai,38,M,Acquaintance
VIC00108,Liam Luthra,46,M,Family member
VIC00109,Amrita Tailor,61,M,Stranger
VIC00110,Dev Ganesh,49,F,Stranger
VIC00111,Anya Sama,27,M,Acquaintance
VIC00112,Veda Bose,16,F,Stranger
VIC00113,Zayan Koshy,33,M,Stranger
VIC00114,Rohan Shankar,26,M,Stranger
VIC00115,Krishna Modi,12,F,Stranger
VIC00116,Meghana Natarajan,37,M,Stranger
VIC00117,Forum Sarraf,37,F,Stranger
VIC00118,Qushi Deshpande,58,M,Family member
VIC00119,Ekani Iyer,28,M,Family member
VIC00120,Dipta Goel,37,F,Acquaintance
VIC00121,Eiravati Manne,24,M,Family member
VIC00122,Xavier Nanda,46,F,Stranger
VIC00123,Avni Ramaswamy,32,F,Stranger
VIC00124,Ishaan Iyengar,17,M,Family member
VIC00125,Avi Shenoy,33,F,Acquaintance
VIC00126,Raksha Manne,39,M,Colleague
VIC00127,Nilima Tata,37,M,Stranger
VIC00128,Chavvi Khurana,48,M,Neighbor
VIC00129,Mitesh Sampath,13,M,Family member
VIC00130,Ethan Sen,22,F,Stranger
VIC00131,Nandini Warrior,42,F,Acquaintance
VIC00132,Balhaar Parsa,23,F,Stranger
VIC00133,Ikbal Kothari,37,M,Stranger
VIC00134,Ojas Basu,5,M,Stranger
VIC00135,Garima Sani,72,F,Stranger
VIC00136,Advaith Chaudhari,30,F,Stranger
VIC00137,Tristan Uppal,50,M,Neighbor
VIC00138,Sanaya Prasad,29,F,Family member
VIC00139,Ubika Tella,39,F,Stranger
VIC00140,Hemani Bakshi,54,F,Acquaintance
VIC00141,Henry Merchant,50,F,Neighbor
VIC00142,Frederick D’Alia,31,F,Stranger
VIC00143,Ijaya Muni,32,F,Acquaintance
VIC00144,Tamanna Jhaveri,48,M,Stranger
VIC00145,Ijaya Soni,66,F,Stranger
VIC00146,Raksha Sethi,36,F,Stranger
VIC00147,Ekalinga Mital,61,F,Neighbor
VIC00148,Ishwar Bajaj,30,M,Acquaintance
VIC00149,Ikbal Gala,47,F,Stranger
VIC00150,Zaitra Ghosh,49,F,Stranger
VIC00151,Ganga Sandhu,28,M,Stranger
VIC00152,Vincent Ravel,23,F,Stranger
VIC00153,Quincy Sankaran,50,M,Stranger
VIC00154,Ayush Hora,26,M,Family member
VIC00155,Pushti Ramachandran,21,M,Stranger
VIC00156,Tanish Jha,24,F,Acquaintance
VIC00157,Dev Chaudry,26,M,Stranger
VIC00158,Jasmit Nanda,45,M,Stranger
VIC00159,Tanvi Comar,41,M,Acquaintance
VIC00160,Vrishti Wable,44,M,Stranger
VIC00161,Lipika Ramanathan,39,M,Acquaintance
VIC00162,Ijaya Pandey,25,F,Stranger
VIC00163,Orinder Mishra,43,M,Acquaintance
VIC00164,Krish Munshi,50,M,Acquaintance
VIC00165,William Mody,42,M,Acquaintance
VIC00166,Qadim Prakash,40,F,Stranger
VIC00167,Yasti Rama,23,M,Family member
VIC00168,Lakshit Rajagopal,36,M,Neighbor
VIC00169,Quincy Sur,22,M,Acquaintance
VIC00170,Ojas Suri,33,M,Stranger
VIC00171,Logan Grover,11,M,Acquaintance
VIC00172,Shravya Bera,11,M,Stranger
VIC00173,Aditya Sundaram,31,F,Acquaintance
VIC00174,Robert Rajagopalan,26,F,Stranger
VIC00175,Nilima Swamy,35,M,Stranger
VIC00176,Sachi Suresh,32,F,Stranger
VIC00177,Fitan Balasubramanian,34,M,Family member
VIC00178,Brinda Bali,42,F,Stranger
VIC00179,Umang Yogi,27,M,Neighbor
VIC00180,Om Shankar,30,F,Neighbor
VIC00181,Yasti Chowdhury,54,F,Stranger
VIC00182,Amrita Peri,34,F,Stranger
VIC00183,Ridhi Kamdar,31,M,Stranger
VIC00184,Harsh Kota,35,M,Acquaintance
VIC00185,Bachittar Sengupta,31,M,Acquaintance
VIC00186,Ijaya Chahal,24,M,Stranger
VIC00187,Jacob Khalsa,20,F,Stranger
VIC00188,Indali Sangha,23,F,Stranger
VIC00189,Liam Jhaveri,46,F,Acquaintance
VIC00190,Daniel Panchal,25,M,Stranger
VIC00191,Om Naik,31,M,Family member
VIC00192,Bimala Loke,43,F,Stranger
VIC00193,Krishna Sabharwal,30,F,Stranger
VIC00194,Aradhana Date,42,M,Stranger
VIC00195,Zaid Dhingra,12,F,Acquaintance
VIC00196,Yug Ramaswamy,32,F,Stranger
VIC00197,Lucky Luthra,35,F,Acquaintance
VIC00198,Keya Seth,34,M,Stranger
VIC00199,Girik Rau,10,F,Stranger
VIC00200,Jyoti Sha,50,M,Neighbor
VIC00201,Falak Agate,22,F,Stranger
VIC00202,Tara Parmar,38,M,Stranger
VIC00203,Mitali Kamdar,34,F,Stranger
VIC00204,Siddharth Talwar,48,M,Acquaintance
VIC00205,Ekantika Mander,64,M,Stranger
VIC00206,Kalpit Sundaram,15,M,Stranger
VIC00207,Chanakya Batra,24,M,Acquaintance
VIC00208,Tripti Babu,36,M,Colleague
VIC00209,Nakul Sastry,18,M,Family member
VIC00210,Aadi Sangha,44,F,Neighbor
VIC00211,Kevin Mittal,45,F,Family member
VIC00212,Anusha Chander,41,M,Acquaintance
VIC00213,Zashil Butala,37,M,Stranger
VIC00214,Noah Ben,53,F,Acquaintance
VIC00215,Dalaja Kaur,17,M,Stranger
VIC00216,Gavin Chandran,34,F,Acquaintance
VIC00217,Tanay Sood,23,F,Stranger
VIC00218,Kevin Kara,46,M,Stranger
VIC00219,Aditya Anand,8,F,Neighbor
VIC00220,Jai Sami,33,M,Acquaintance
VIC00221,Vanya Bobal,38,M,Stranger
VIC00222,Leela Chakraborty,20,F,Family member
VIC00223,Harshil Munshi,25,F,Stranger
VIC00224,Chandani Devan,34,F,Acquaintance
VIC00225,Kiaan Dhar,47,M,Colleague
VIC00226,Abhiram Gala,19,F,Stranger
VIC00227,Indali Kala,21,F,Neighbor
VIC00228,Nisha Savant,49,M,Acquaintance
VIC00229,Gabriel Chaudhry,30,F,Stranger
VIC00230,Jatin Rajagopalan,23,M,Neighbor
VIC00231,Pushti Murty,44,F,Family member
VIC00232,Yug Malhotra,27,F,Stranger
VIC00233,Yuvraj Mane,48,M,Stranger
VIC00234,Charvi Jha,24,F,Neighbor
VIC00235,Manya Merchant,31,F,Stranger
VIC00236,Wriddhish Talwar,47,F,Stranger
VIC00237,Isaiah Khosla,30,M,Family member
VIC00238,Ekavir Wable,44,F,Stranger
VIC00239,Jalsa Nadig,33,F,Stranger
VIC00240,Lila Salvi,61,M,Acquaintance
VIC00241,Orinder Sinha,55,M,Acquaintance
VIC00242,Anay Bir,15,M,Acquaintance
VIC00243,Adweta Kale,41,F,Family member
VIC00244,Darpan Rao,22,M,Neighbor
VIC00245,Yachana Sagar,36,M,Stranger
VIC00246,Neelima Butala,34,M,Stranger
VIC00247,Arunima Chacko,19,F,Stranger
VIC00248,Farhan Vaidya,48,M,Stranger
VIC00249,Nachiket Yadav,36,F,Colleague
VIC00250,Mahika Bhatti,30,F,Stranger
VIC00251,Rajeshri Khare,27,F,Colleague
VIC00252,Yash Chadha,35,F,Stranger
VIC00253,Jack Setty,39,M,Stranger
VIC00254,Dayamai Gill,32,M,Stranger
VIC00255,Advik Devan,5,M,Family member
VIC00256,Nihal Taneja,34,M,Stranger
VIC00257,Zansi Lad,13,F,Family member
VIC00258,Kamya Date,31,F,Acquaintance
VIC00259,Jacob Balan,14,F,Family member
VIC00260,Pushti Magar,14,F,Stranger
VIC00261,Adya Bose,51,F,Stranger
VIC00262,Tamanna Vaidya,29,F,Acquaintance
VIC00263,Christopher Tata,28,M,Family member
VIC00264,Jhalak Dugar,40,F,Acquaintance
VIC00265,Harshil D’Alia,28,F,Stranger
VIC00266,Yashodhara Agate,63,M,Stranger
VIC00267,Advik Konda,30,M,Family member
VIC00268,Urmi Patla,39,M,Stranger
VIC00269,Mason Gola,47,F,Stranger
VIC00270,Oni Kapur,56,M,Stranger
VIC00271,Yuvraj Saha,23,F,Stranger
VIC00272,Anika Brahmbhatt,28,F,Stranger
VIC00273,Jagdish Thakkar,51,F,Neighbor
VIC00274,Praneel Kapoor,45,F,Stranger
VIC00275,Nandini Biswas,49,M,Stranger
VIC00276,Barkha Mukhopadhyay,14,M,Acquaintance
VIC00277,Gabriel Shan,55,F,Stranger
VIC00278,Jyoti Iyer,23,M,Stranger
VIC00279,Daksha Kibe,36,F,Neighbor
VIC00280,Jyoti Tak,31,F,Family member
VIC00281,Yatan Dora,21,M,Stranger
VIC00282,Nimrat Bajwa,14,M,Stranger
VIC00283,Hiral Andra,9,F,Stranger
VIC00284,Aarav Puri,35,F,Acquaintance
VIC00285,Hemang Jha,12,F,Stranger
VIC00286,Oni Swamy,18,M,Family member
VIC00287,Lucky Mammen,30,F,Acquaintance
VIC00288,Caleb Kata,5,F,Stranger
VIC00289,Kashish Shanker,44,F,Stranger
VIC00290,Girish Tiwari,5,F,Stranger
VIC00291,Meera Borde,32,M,Family member
VIC00292,Radhika De,34,M,Acquaintance
VIC00293,Bishakha Lal,41,M,Stranger
VIC00294,Maya Narain,33,M,Acquaintance
VIC00295,Sneha Magar,62,M,Stranger
VIC00296,Falan Jain,37,F,Acquaintance
VIC00297,Ikbal Dugal,48,M,Neighbor
VIC00298,Nitesh Sengupta,23,M,Acquaintance
VIC00299,Dipta Ray,35,M,Stranger
VIC00300,Ishita Johal,55,M,Acquaintance
VIC00301,Darika Sheth,30,M,Acquaintance
VIC00302,Jagdish Chana,36,F,Acquaintance
VIC00303,Daksha Baria,47,F,Stranger
VIC00304,Falak Divan,23,M,Acquaintance
VIC00305,Yuvraj Parekh,5,M,Neighbor
VIC00306,Yochana Bawa,37,F,Family member
VIC00307,Abha Ghosh,47,M,Neighbor
VIC00308,Nidhi Sethi,15,M,Stranger
VIC00309,Girindra Shere,43,M,Acquaintance
VIC00310,Logan Dara,43,F,Acquaintance
VIC00311,David Kapadia,5,F,Family member
VIC00312,Rudra Rattan,20,M,Stranger
VIC00313,Frado Lad,28,F,Neighbor
VIC00314,Anthony Bhattacharyya,31,M,Stranger
VIC00315,Sachi Dave,23,M,Stranger
VIC00316,Garima Das,22,M,Stranger
VIC00317,Triya Bedi,57,F,Stranger
VIC00318,Rachita Rana,32,M,Acquaintance
VIC00319,Ayushman Raja,24,M,Acquaintance
VIC00320,Orinder Pandya,33,F,Acquaintance
VIC00321,Rachit Maharaj,41,F,Stranger
VIC00322,Sanaya Dixit,34,F,Acquaintance
VIC00323,Yatan Merchant,31,F,Stranger
VIC00324,Nisha Srinivas,24,F,Neighbor
VIC00325,Gagan Mammen,24,F,Stranger
VIC00326,Laksh Saini,25,F,Stranger
VIC00327,Zaid Bahl,38,F,Colleague
VIC00328,Jagrati Srinivasan,20,M,Stranger
VIC00329,Hemangini Thakkar,39,F,Acquaintance
VIC00330,Lipika Madan,53,F,Stranger
VIC00331,Atharv Nagar,38,M,Acquaintance
VIC00332,Ayushman Mand,28,F,Colleague
VIC00333,Urmi Wagle,15,M,Stranger
VIC00334,Viraj Dutta,56,F,Stranger
VIC00335,Yug Khosla,17,F,Family member
VIC00336,Daksh Kanda,45,F,Stranger
VIC00337,Isha Ghose,42,M,Acquaintance
VIC00338,Warjas Nadkarni,30,F,Stranger
VIC00339,Ayaan Pandey,30,M,Stranger
VIC00340,Raghav Tailor,8,F,Stranger
VIC00341,Parth Swaminathan,38,M,Stranger
VIC00342,Gautam Bhalla,42,M,Acquaintance
VIC00343,Theodore Bahri,18,M,Family member
VIC00344,Aadi Narula,31,F,Stranger
VIC00345,Kalpit Oak,34,M,Stranger
VIC00346,Ekiya Bhargava,42,M,Acquaintance
VIC00347,Manbir Dhar,34,F,Family member
VIC00348,Janya Bora,11,F,Stranger
VIC00349,Meghana Chaudhuri,26,F,Neighbor
VIC00350,Chasmum Naidu,37,F,Stranger
VIC00351,Nakul Sarkar,45,F,Stranger
VIC00352,Edhitha Ghosh,25,F,Family member
VIC00353,Udant Gill,64,M,Family member
VIC00354,Damyanti Menon,7,M,Acquaintance
VIC00355,Peter Agarwal,26,M,Acquaintance
VIC00356,Bachittar Gopal,32,F,Neighbor
VIC00357,Timothy Chawla,31,M,Colleague
VIC00358,Lohit Narula,16,M,Stranger
VIC00359,Wazir Palan,40,F,Acquaintance
VIC00360,Oliver Chakrabarti,39,F,Acquaintance
VIC00361,Sanya Apte,34,M,Acquaintance
VIC00362,Shaurya Krish,38,F,Family member
VIC00363,Inaya Kunda,28,F,Stranger
VIC00364,Aarav Bava,11,M,Stranger
VIC00365,Raksha Saini,23,M,Stranger
VIC00366,Odika Tailor,36,M,Colleague
VIC00367,Indali Prashad,36,M,Stranger
VIC00368,Varenya Kar,34,M,Family member
VIC00369,Siya Borah,41,F,Neighbor
VIC00370,Chaitaly Bahri,25,M,Stranger
VIC00371,Advika Cheema,34,M,Acquaintance
VIC00372,Hema Garde,42,M,Neighbor
VIC00373,Naveen Borde,32,F,Acquaintance
VIC00374,Hamsini Subramanian,16,F,Stranger
VIC00375,Raagini Gala,20,F,Family member
VIC00376,Naksh Bera,45,F,Acquaintance
VIC00377,Garima Jha,53,M,Family member
VIC00378,Nimrat Zachariah,50,M,Family member
VIC00379,Baghyawati Mishra,37,F,Stranger
VIC00380,Gopal Bawa,17,F,Acquaintance
VIC00381,Vritti Dube,33,F,Stranger
VIC00382,Jalsa Aggarwal,55,M,Stranger
VIC00383,Gagan Menon,42,F,Acquaintance
VIC00384,Ryan Chatterjee,31,M,Acquaintance
VIC00385,Samuel Garde,42,M,Neighbor
VIC00386,Finn Solanki,16,M,Stranger
VIC00387,Darika Rao,24,M,Stranger
VIC00388,Vrinda Lanka,18,M,Stranger
VIC00389,Lila Goyal,40,M,Stranger
VIC00390,Lakshmi Pingle,43,M,Acquaintance
VIC00391,Sanaya Basu,31,M,Stranger
VIC00392,Ria Shroff,21,M,Stranger
VIC00393,Upkaar Luthra,33,M,Family member
VIC00394,Matthew Chatterjee,27,M,Stranger
VIC00395,Hemangini Sachdev,22,M,Acquaintance
VIC00396,Darsh Ram,38,M,Stranger
VIC00397,Vaishnavi Keer,23,M,Stranger
VIC00398,Chandani Brar,12,F,Stranger
VIC00399,Bakhshi Thakkar,15,M,Stranger
VIC00400,Jai Sen,11,M,Acquaintance
VIC00401,Oliver Kakar,37,F,Family member
VIC00402,Jonathan Basak,36,F,Acquaintance
VIC00403,Farhan Saran,35,M,Family member
VIC00404,Manbir Kuruvilla,42,F,Acquaintance
VIC00405,Ekalinga Chahal,50,F,Colleague
VIC00406,Mekhala Nanda,25,F,Stranger
VIC00407,Zinal Shanker,39,M,Family member
VIC00408,Oni Chowdhury,11,F,Stranger
VIC00409,Mason Divan,53,M,Acquaintance
VIC00410,Hitesh Chaudhuri,16,F,Stranger
VIC00411,Hemangini Roy,24,M,Stranger
VIC00412,Leela Sunder,25,F,Acquaintance
VIC00413,Baljiwan Gera,12,F,Stranger
VIC00414,Neha Dhawan,34,F,Acquaintance
VIC00415,Balvan Randhawa,36,F,Neighbor
VIC00416,Wazir Bawa,31,M,Stranger
VIC00417,Amruta Pradhan,12,M,Stranger
VIC00418,Geetika Mitter,61,M,Stranger
VIC00419,Avni Swamy,41,F,Acquaintance
VIC00420,Vedant Desai,70,M,Stranger
VIC00421,Saanvi Nagi,22,F,Family member
VIC00422,Omaja Chakraborty,47,M,Acquaintance
VIC00423,Riya Kakar,44,F,Acquaintance
VIC00424,Vedhika Varty,29,M,Stranger
VIC00425,Daksh Varma,53,F,Acquaintance
VIC00426,Dominic Mukhopadhyay,28,F,Stranger
VIC00427,Krishna Viswanathan,28,M,Family member
VIC00428,Oscar Hans,5,F,Family member
VIC00429,Dalbir Krish,39,M,Family member
VIC00430,Tanmayi Bedi,15,F,Stranger
VIC00431,Rushil Mahal,26,F,Stranger
VIC00432,Ucchal Tiwari,19,F,Acquaintance
VIC00433,Jatin Balasubramanian,28,M,Acquaintance
VIC00434,Kashish Suresh,40,M,Acquaintance
VIC00435,Peter Som,34,F,Stranger
VIC00436,Hemangini Gade,43,F,Stranger
VIC00437,Gautam Mane,51,M,Family member
VIC00438,Libni Bawa,28,F,Stranger
VIC00439,Tanish Kant,27,M,Acquaintance
VIC00440,Samuel Luthra,47,M,Family member
VIC00441,Yochana Bahri,48,F,Neighbor
VIC00442,Urvi Deo,44,F,Stranger
VIC00443,Abhiram Kapur,20,M,Stranger
VIC00444,Dalaja Maharaj,39,F,Stranger
VIC00445,Krisha Palla,35,F,Stranger
VIC00446,Zayyan Kamdar,48,F,Stranger
VIC00447,Chasmum Verma,25,F,Neighbor
VIC00448,Harsh Amble,10,M,Neighbor
VIC00449,Barkha Misra,43,M,Colleague
VIC00450,Vasatika Bhatt,5,M,Stranger
VIC00451,Aradhana Nair,23,M,Colleague
VIC00452,Advika Misra,19,M,Stranger
VIC00453,Mason Varughese,19,M,Stranger
VIC00454,Dakshesh Raval,23,F,Stranger
VIC00455,Logan Bal,51,F,Family member
VIC00456,Chakrika Lad,45,M,Neighbor
VIC00457,Nidhi Rama,30,F,Stranger
VIC00458,Ranveer Oza,49,F,Stranger
VIC00459,Vamakshi Parmer,19,M,Stranger
VIC00460,Onkar Golla,17,M,Acquaintance
VIC00461,Gunbir Sinha,46,F,Stranger
VIC00462,Aarna Goswami,42,M,Stranger
VIC00463,Gaurav Kapadia,27,F,Family member
VIC00464,Udant Mohanty,18,M,Colleague
VIC00465,Garima Prabhu,54,F,Stranger
VIC00466,Chaitaly Sheth,9,M,Stranger
VIC00467,Upma Bera,25,F,Stranger
VIC00468,Urmi Hayer,37,M,Colleague
VIC00469,Lakshmi Wagle,59,M,Acquaintance
VIC00470,Odika Bhagat,39,M,Stranger
VIC00471,Laksh Iyer,40,F,Acquaintance
VIC00472,Nimrat Shankar,26,M,Stranger
VIC00473,Diya Gole,41,M,Acquaintance
VIC00474,Vinaya Natarajan,35,M,Stranger
VIC00475,Dhriti Bhardwaj,11,M,Acquaintance
VIC00476,Siya Mahal,45,F,Family member
VIC00477,Om Dutt,47,M,Acquaintance
VIC00478,Gaurang Dayal,45,M,Acquaintance
VIC00479,Pushti Raval,34,M,Colleague
VIC00480,Vansha Rajagopal,20,F,Family member
VIC00481,Baljiwan Walla,5,M,Stranger
VIC00482,Kashvi Atwal,36,F,Stranger
VIC00483,Rayaan Badami,49,F,Colleague
VIC00484,Yuvraj Kara,47,F,Family member
VIC00485,Devika Dayal,45,M,Stranger
VIC00486,Leela Thakur,32,F,Stranger
VIC00487,Oliver Bhattacharyya,49,M,Family member
VIC00488,Chanchal Mannan,46,F,Stranger
VIC00489,Zinal Viswanathan,28,F,Family member
VIC00490,Radha Desai,43,M,Stranger
VIC00491,Vrishti Parmer,26,M,Family member
VIC00492,Nitesh Raval,41,M,Acquaintance
VIC00493,Vedant Kapur,15,M,Family member
VIC00494,Siddharth Bains,16,M,Colleague
VIC00495,Jatin Peri,48,F,Stranger
VIC00496,Keya Kumer,47,M,Neighbor
VIC00497,Chanakya Chokshi,42,F,Family member
VIC00498,Chanakya D’Alia,35,F,Stranger
VIC00499,Sachi Rai,5,M,Stranger
VIC00500,Zayyan Som,32,M,Colleague
VIC00501,Samesh Andra,40,F,Acquaintance
VIC00502,Osha Chaudhuri,26,M,Stranger
VIC00503,Laksh Sahota,24,M,Neighbor
VIC00504,Yasti Dalal,54,M,Stranger
VIC00505,Ishaan Cherian,33,M,Neighbor
VIC00506,Rushil Iyengar,40,M,Stranger
VIC00507,Saksham Parmar,44,M,Acquaintance
VIC00508,Chakrika Dyal,19,M,Stranger
VIC00509,Watika Johal,36,F,Stranger
VIC00510,Ganga Keer,52,F,Stranger
VIC00511,Agastya Chakraborty,59,F,Neighbor
VIC00512,Wakeeta Dixit,34,M,Stranger
VIC00513,Yasti Borde,30,M,Neighbor
VIC00514,Aahana Kashyap,37,M,Stranger
VIC00515,Chaman Lalla,37,F,Family member
VIC00516,Chandresh Chaudhry,53,M,Stranger
VIC00517,Balveer Mannan,20,F,Stranger
VIC00518,Dhriti Sandhu,30,F,Stranger
VIC00519,Girish Bath,18,F,Family member
VIC00520,Lakshit Garde,19,M,Stranger
VIC00521,Ishita Sarma,39,M,Stranger
VIC00522,Girik Pradhan,45,F,Family member
VIC00523,Qadim Comar,24,F,Stranger
VIC00524,Mugdha Shan,44,F,Stranger
VIC00525,Lekha Sridhar,49,M,Neighbor
VIC00526,Ojas Chowdhury,61,M,Neighbor
VIC00527,Daniel Dutta,34,M,Acquaintance
VIC00528,Omaja Subramanian,25,F,Acquaintance
VIC00529,Pratyush Raghavan,19,M,Neighbor
VIC00530,Ayush De,18,F,Colleague
VIC00531,Vinaya Chowdhury,51,M,Neighbor
VIC00532,Ridhi Batra,12,F,Stranger
VIC00533,Advika Murthy,51,M,Stranger
VIC00534,Udarsh Nigam,21,F,Stranger
VIC00535,Rachita Kothari,24,F,Family member
VIC00536,Hiral Rajan,31,F,Acquaintance
VIC00537,Chatura Apte,24,M,Stranger
VIC00538,Yashasvi Singh,47,F,Stranger
VIC00539,Noah Borde,59,F,Acquaintance
VIC00540,Ekani Khosla,24,F,Stranger
VIC00541,Arunima Bedi,27,M,Stranger
VIC00542,Kritika Rau,31,M,Stranger
VIC00543,Farhan Sharaf,41,M,Stranger
VIC00544,Sara Chakrabarti,31,M,Stranger
VIC00545,Sanya Mutti,53,F,Acquaintance
VIC00546,Widisha Badami,50,F,Colleague
VIC00547,Netra Sachar,17,F,Family member
VIC00548,Aadi Chand,41,M,Neighbor
VIC00549,Yashoda Jhaveri,55,M,Acquaintance
VIC00550,Harita Patla,27,F,Acquaintance
VIC00551,Udant Sha,29,F,Neighbor
VIC00552,Urvashi Patla,26,F,Stranger
VIC00553,Ishaan Chatterjee,26,M,Neighbor
VIC00554,Aarnav Om,10,F,Neighbor
VIC00555,Bishakha Vig,15,M,Stranger
VIC00556,Hitesh Bath,35,F,Family member
VIC00557,Waida Dey,55,M,Stranger
VIC00558,Hredhaan Kumar,25,M,Family member
VIC00559,Raghav Dara,25,M,Stranger
VIC00560,Tanveer Shankar,57,M,Colleague
VIC00561,Hamsini Chokshi,18,M,Stranger
VIC00562,Chakradhar Dasgupta,10,M,Neighbor
VIC00563,Tanvi Thaman,22,F,Stranger
VIC00564,Wishi Agrawal,24,M,Stranger
VIC00565,Rachita Subramanian,9,F,Stranger
VIC00566,Oscar Dave,32,F,Neighbor
VIC00567,Lila Nagy,47,F,Stranger
VIC00568,Omya Kothari,15,M,Acquaintance
VIC00569,Mitali Oza,35,M,Stranger
VIC00570,Sneha Deol,39,F,Stranger
VIC00571,Nitara Vala,32,F,Neighbor
VIC00572,Dipta Kalla,36,F,Stranger
VIC00573,Shaurya Mannan,36,F,Neighbor
VIC00574,Kevin Gokhale,22,F,Acquaintance
VIC00575,Jack Pandey,54,F,Stranger
VIC00576,Omisha Walla,51,M,Family member
VIC00577,Pahal Arya,50,F,Family member
VIC00578,Aryan Raj,48,F,Stranger
VIC00579,Chatresh Bhalla,11,F,Family member
VIC00580,Amara Dyal,46,M,Acquaintance
VIC00581,Zashil Dhingra,43,F,Stranger
VIC00582,Chakrika Jani,12,F,Stranger
VIC00583,Jagrati Sethi,30,F,Colleague
VIC00584,Udarsh Ramachandran,37,M,Acquaintance
VIC00585,Yasti Mani,57,F,Stranger
VIC00586,Lakshmi Ram,44,M,Family member
VIC00587,Dhriti Bhagat,21,F,Stranger
VIC00588,Zayan Jain,57,M,Stranger
VIC00589,Umang Pillai,34,M,Acquaintance
VIC00590,Rishi Menon,30,F,Acquaintance
VIC00591,Peter Borde,29,M,Stranger
VIC00592,Oscar Varkey,11,F,Family member
VIC00593,Krishna Baria,32,M,Stranger
VIC00594,Arya Lalla,40,F,Acquaintance
VIC00595,Naveen Kumer,28,M,Stranger
VIC00596,Ganga Shukla,39,F,Stranger
VIC00597,Balveer Dube,21,F,Family member
VIC00598,Charan Mitra,32,M,Colleague
VIC00599,Ishita Bora,38,M,Stranger
VIC00600,Thomas Gour,36,F,Stranger
VIC00601,Yashasvi Dutta,11,M,Family member
VIC00602,Netra Chanda,27,F,Stranger
VIC00603,Timothy Kala,57,F,Neighbor
VIC00604,Garima Patel,27,M,Acquaintance
VIC00605,Tejas Wali,34,F,Stranger
VIC00606,Aditya Contractor,32,M,Acquaintance
VIC00607,Sanaya Khosla,55,M,Neighbor
VIC00608,Balveer Nagi,52,M,Family member
VIC00609,Ishaan Raju,45,M,Stranger
VIC00610,Barkha Bakshi,20,M,Stranger
VIC00611,Yoshita Trivedi,39,F,Stranger
VIC00612,Vidhi Bassi,41,M,Acquaintance
VIC00613,Reyansh Nagi,24,F,Stranger
VIC00614,Gopal Ganesh,21,M,Family member
VIC00615,Dominic Kade,57,M,Family member
VIC00616,Panini Chawla,29,M,Family member
VIC00617,Radhika Bora,56,F,Acquaintance
VIC00618,Arjun Sharaf,47,M,Colleague
VIC00619,Baljiwan Chahal,39,F,Stranger
VIC00620,Chatura Gokhale,40,F,Family member
VIC00621,Ekavir Kari,14,F,Acquaintance
VIC00622,Nikita Rama,36,M,Stranger
VIC00623,Nidhi Sant,53,M,Stranger
VIC00624,Anay Ramachandran,43,F,Acquaintance
VIC00625,Abeer Bhatnagar,36,M,Neighbor
VIC00626,Elijah Parmar,57,M,Stranger
VIC00627,Bimala Mitra,31,F,Acquaintance
VIC00628,Baghyawati Sarma,25,F,Stranger
VIC00629,Megha Balasubramanian,36,M,Stranger
VIC00630,Naksh Walla,44,M,Stranger
VIC00631,Laban Raman,9,F,Neighbor
VIC00632,Maanas Misra,37,M,Family member
VIC00633,Advay Dhaliwal,45,F,Acquaintance
VIC00634,Benjamin Ahluwalia,30,M,Acquaintance
VIC00635,Frederick Mody,49,F,Stranger
VIC00636,Hemangini Kakar,42,F,Acquaintance
VIC00637,Yauvani Dhar,63,M,Stranger
VIC00638,Qarin Kant,23,M,Colleague
VIC00639,Rishi Contractor,45,F,Family member
VIC00640,Chatura Shenoy,19,M,Stranger
VIC00641,Bina Bhavsar,11,M,Stranger
VIC00642,Guneet Hora,5,F,Stranger
VIC00643,Ganga Parikh,41,M,Family member
VIC00644,Wahab Chaudhry,36,F,Stranger
VIC00645,Ekaraj Hari,27,F,Acquaintance
VIC00646,Vedika Seshadri,9,M,Stranger
VIC00647,Damini Dua,24,F,Acquaintance
VIC00648,Diya Sangha,34,F,Stranger
VIC00649,Aayush Munshi,45,M,Acquaintance
VIC00650,Timothy Sarin,33,M,Acquaintance
VIC00651,Jagvi Desai,37,M,Stranger
VIC00652,Varsha Shere,28,M,Family member
VIC00653,Jagrati Mody,58,F,Stranger
VIC00654,Ikbal Gill,19,F,Neighbor
VIC00655,Avni Dey,24,M,Family member
VIC00656,Adya Bose,27,M,Stranger
VIC00657,Anirudh Tripathi,41,F,Family member
VIC00658,Nidhi Kala,19,F,Stranger
VIC00659,Abha Zacharia,35,M,Acquaintance
VIC00660,Manthan Pau,36,M,Family member
VIC00661,Udant Mannan,24,M,Stranger
VIC00662,Ucchal Thaker,38,F,Neighbor
VIC00663,Mekhala Patla,19,M,Stranger
VIC00664,William Gandhi,18,M,Stranger
VIC00665,Sanaya Dutta,35,F,Stranger
VIC00666,Madhav Sule,10,F,Stranger
VIC00667,Banjeet Kanda,5,M,Stranger
VIC00668,Vincent Bhatnagar,41,F,Acquaintance
VIC00669,Kala Kaur,48,F,Stranger
VIC00670,Samuel Vasa,27,M,Acquaintance
VIC00671,Lipika Singh,24,M,Stranger
VIC00672,Chakradhar Baral,48,F,Stranger
VIC00673,Harshil Verma,17,M,Stranger
VIC00674,Adya Ghosh,14,F,Acquaintance
VIC00675,Kritika Pau,43,F,Acquaintance
VIC00676,Zansi Krishnamurthy,34,F,Stranger
VIC00677,Udant Varty,48,F,Neighbor
VIC00678,Ira Pai,5,M,Neighbor
VIC00679,Vasatika Ahuja,14,M,Colleague
VIC00680,Ria Gandhi,34,F,Family member
VIC00681,Faraj Varkey,39,M,Family member
VIC00682,Siddharth Doctor,45,F,Stranger
VIC00683,Nakul Pathak,36,M,Acquaintance
VIC00684,Victor Sachdeva,36,F,Acquaintance
VIC00685,Ishaan Subramaniam,28,M,Acquaintance
VIC00686,Varenya Kade,56,M,Colleague
VIC00687,Nirja Bains,18,M,Stranger
VIC00688,Caleb Datta,39,F,Stranger
VIC00689,Krish Vala,20,F,Stranger
VIC00690,Manan Bhalla,41,F,Family member
VIC00691,Aarna Gole,19,M,Stranger
VIC00692,Anirudh Mander,44,F,Stranger
VIC00693,Tarak Sen,35,F,Neighbor
VIC00694,Vasatika Garde,58,M,Stranger
VIC00695,Nirja Dhar,30,F,Stranger
VIC00696,Yasti Lalla,39,M,Stranger
VIC00697,Hema Setty,23,F,Neighbor
VIC00698,Victor Radhakrishnan,29,F,Stranger
VIC00699,Kevin Chopra,35,M,Family member
VIC00700,Samaksh Virk,12,F,Stranger
VIC00701,Mason Char,14,F,Stranger
VIC00702,Vamakshi Barad,42,M,Acquaintance
VIC00703,Girik Subramaniam,31,F,Stranger
VIC00704,Aarav Sankar,25,F,Stranger
VIC00705,Kamala Bassi,23,M,Stranger
VIC00706,Veer Subramaniam,24,M,Neighbor
VIC00707,Inaya Chaudhari,35,F,Family member
VIC00708,Krish Kumar,40,F,Stranger
VIC00709,Viraj Chacko,5,F,Family member
VIC00710,Nilima Kurian,53,M,Neighbor
VIC00711,Abdul Amble,52,F,Neighbor
VIC00712,Zinal Amble,5,M,Stranger
VIC00713,Samesh Mutti,49,F,Stranger
VIC00714,Janaki Chhabra,48,M,Acquaintance
VIC00715,Pooja Kulkarni,34,M,Family member
VIC00716,Pallavi Pau,15,M,Colleague
VIC00717,Mekhala Jani,48,M,Stranger
VIC00718,Vasudha Gola,30,M,Neighbor
VIC00719,Veda Kulkarni,41,F,Colleague
VIC00720,Hemangini Rao,65,M,Family member
VIC00721,Jagat Karpe,37,M,Stranger
VIC00722,Neel Chaudhry,21,M,Acquaintance
VIC00723,Yashoda Rattan,29,M,Stranger
VIC00724,Charles Dyal,22,M,Stranger
VIC00725,Abdul Chand,40,F,Stranger
VIC00726,Urishilla Saran,22,F,Acquaintance
VIC00727,Devansh Lall,27,F,Stranger
VIC00728,Kamala Buch,16,F,Family member
VIC00729,Leena Rattan,32,F,Family member
VIC00730,Dakshesh Gill,36,F,Stranger
VIC00731,Reva Anne,5,F,Stranger
VIC00732,Zarna Mangal,37,M,Neighbor
VIC00733,Bahadurjit Uppal,33,M,Colleague
VIC00734,Omkaar Banik,23,M,Stranger
VIC00735,William Acharya,62,F,Stranger
VIC00736,Gabriel Majumdar,47,F,Acquaintance
VIC00737,Ira Rana,18,F,Stranger
VIC00738,Sai Vasa,45,F,Acquaintance
VIC00739,Ekapad Chana,51,M,Stranger
VIC00740,Ijaya Palan,35,M,Acquaintance
VIC00741,Upkaar Hayer,39,M,Stranger
VIC00742,Netra Agrawal,38,F,Stranger
VIC00743,Parth Ray,5,F,Acquaintance
VIC00744,Elijah Thakur,31,M,Stranger
VIC00745,Harini Dada,30,F,Stranger
VIC00746,Zashil Savant,54,F,Acquaintance
VIC00747,Veda Kohli,38,F,Stranger
VIC00748,Tara Sharma,29,M,Stranger
VIC00749,Vasatika Dada,32,F,Stranger
VIC00750,Ekansh Raja,48,M,Stranger
VIC00751,Victor Mutti,31,F,Family member
VIC00752,Ira Varty,24,M,Stranger
VIC00753,Adya Kothari,30,M,Stranger
VIC00754,Girik Rastogi,47,F,Family member
VIC00755,Faqid Gokhale,40,M,Colleague
VIC00756,Dipta Pandya,34,F,Acquaintance
VIC00757,Amruta Goswami,36,F,Stranger
VIC00758,Wishi Iyengar,26,M,Stranger
VIC00759,Wyatt Lanka,31,M,Stranger
VIC00760,Veer Jain,24,M,Stranger
VIC00761,Ishani Dugal,29,F,Stranger
VIC00762,Jagdish Brar,52,M,Stranger
VIC00763,Abeer Basak,18,M,Acquaintance
VIC00764,Kamya Murty,24,M,Stranger
VIC00765,Anvi Swaminathan,16,F,Stranger
VIC00766,Yasti Mammen,13,M,Stranger
VIC00767,Tristan Dave,31,M,Stranger
VIC00768,Pallavi Sridhar,25,M,Family member
VIC00769,Yadavi Palan,58,F,Stranger
VIC00770,Owen Shankar,30,F,Stranger
VIC00771,Zarna Sharma,52,M,Neighbor
VIC00772,Abhiram Arora,47,F,Acquaintance
VIC00773,Ladli Chaudhuri,31,M,Acquaintance
VIC00774,Janaki Lad,63,F,Stranger
VIC00775,Adya Khalsa,37,F,Family member
VIC00776,Urishilla Oza,55,F,Stranger
VIC00777,Qarin Tara,53,F,Stranger
VIC00778,Shivansh Saini,39,M,Family member
VIC00779,Janya Rattan,44,M,Stranger
VIC00780,Shravya Gole,42,M,Acquaintance
VIC00781,Veer Chaudhry,17,F,Stranger
VIC00782,Warinder Sankaran,34,F,Stranger
VIC00783,Rohan Dhingra,49,M,Acquaintance
VIC00784,Urvashi Andra,55,M,Acquaintance
VIC00785,Oviya Tata,23,M,Acquaintance
VIC00786,Zansi Walla,41,M,Stranger
VIC00787,Vidhi Mital,36,F,Neighbor
VIC00788,Champak Rao,32,F,Stranger
VIC00789,Nihal Bhasin,38,M,Neighbor
VIC00790,Aachal Soni,37,M,Stranger
VIC00791,Shivani Natt,41,M,Stranger
VIC00792,Jalsa Parsa,54,F,Neighbor
VIC00793,Hemangini Bahri,44,M,Family member
VIC00794,Jairaj Panchal,38,M,Colleague
VIC00795,Owen Mane,60,F,Stranger
VIC00796,Ekta Uppal,49,F,Colleague
VIC00797,Sanya Brar,32,M,Neighbor
VIC00798,Bhavini Sheth,16,M,Acquaintance
VIC00799,Oliver Nazareth,20,M,Stranger
VIC00800,Nidhi Bora,47,M,Neighbor
VIC00801,Neel Oza,25,F,Stranger
VIC00802,Dipta Nadig,19,F,Family member
VIC00803,Amara Rana,23,M,Stranger
VIC00804,Sai Patil,24,F,Stranger
VIC00805,Odika Ganesh,45,F,Family member
VIC00806,Arin Dass,31,F,Stranger
VIC00807,Zayan Buch,14,M,Stranger
VIC00808,Ojas Ranganathan,34,F,Stranger
VIC00809,Girish Bhatt,37,F,Family member
VIC00810,Chatura Bal,27,M,Acquaintance
VIC00811,Fiyaz Chawla,50,M,Stranger
VIC00812,Nachiket Chad,28,M,Stranger
VIC00813,Dayamai Karnik,49,F,Family member
VIC00814,Bhanumati Savant,42,M,Acquaintance
VIC00815,Karan Vyas,46,F,Stranger
VIC00816,Ayush Banerjee,18,M,Acquaintance
VIC00817,Eshana Soni,35,M,Stranger
VIC00818,Anita Saxena,33,M,Colleague
VIC00819,Peter Shan,14,M,Family member
VIC00820,Dayita Palan,49,F,Acquaintance
VIC00821,Utkarsh Chakraborty,22,F,Acquaintance
VIC00822,Darika Pau,25,M,Acquaintance
VIC00823,Abha Dugal,19,M,Acquaintance
VIC00824,Advaith Acharya,43,F,Family member
VIC00825,Hemangini Mangat,12,M,Stranger
VIC00826,Abhiram Swamy,42,M,Neighbor
VIC00827,Chandani Andra,48,M,Stranger
VIC00828,Brinda Kashyap,41,M,Stranger
VIC00829,Kashvi Gulati,43,F,Stranger
VIC00830,Rajeshri Rana,44,M,Acquaintance
VIC00831,Nihal Ramakrishnan,20,F,Acquaintance
VIC00832,Thomas Lall,54,F,Stranger
VIC00833,Pahal Khatri,27,M,Family member
VIC00834,Bhavani Wali,33,F,Neighbor
VIC00835,Nitara Guha,29,F,Acquaintance
VIC00836,Qabil Deshpande,40,M,Acquaintance
VIC00837,Indrajit Shah,26,F,Stranger
VIC00838,Anita Swamy,34,F,Family member
VIC00839,Ekani Bahl,16,M,Acquaintance
VIC00840,Chandran Warrior,50,M,Stranger
VIC00841,Quincy Chaudry,43,M,Neighbor
VIC00842,Amruta Dass,29,M,Stranger
VIC00843,Abhiram Kaul,27,M,Stranger
VIC00844,Matthew Aurora,43,F,Acquaintance
VIC00845,Teerth Oommen,24,F,Acquaintance
VIC00846,Devika Tara,35,F,Acquaintance
VIC00847,Ubika Balay,50,F,Stranger
VIC00848,Faris Dhingra,22,M,Stranger
VIC00849,Amaira Ramanathan,39,F,Neighbor
VIC00850,Upma Golla,38,M,Stranger
VIC00851,Zashil Raj,32,M,Family member
VIC00852,Jairaj Kothari,26,F,Acquaintance
VIC00853,Saanvi Kota,51,F,Stranger
VIC00854,Rushil Sharma,25,F,Stranger
VIC00855,Sathvik Solanki,8,F,Stranger
VIC00856,Devika Naidu,42,F,Stranger
VIC00857,Brijesh Verma,17,M,Stranger
VIC00858,Zehaan Srivastava,43,M,Stranger
VIC00859,Rushil Patel,52,F,Family member
VIC00860,Tejas Chowdhury,42,M,Family member
VIC00861,Radha Nair,48,F,Stranger
VIC00862,Oliver Majumdar,62,M,Family member
VIC00863,Meghana Kibe,47,M,Stranger
VIC00864,Brijesh Soman,38,M,Stranger
VIC00865,Kamya Chakraborty,56,M,Acquaintance
VIC00866,Nakul Tata,58,F,Family member
VIC00867,Hamsini Bhasin,58,F,Stranger
VIC00868,Ishani Dube,27,F,Stranger
VIC00869,Jeremiah Sura,15,M,Stranger
VIC00870,Edhitha Palan,26,F,Neighbor
VIC00871,Reyansh Bail,43,F,Stranger
VIC00872,Ishita Desai,36,M,Acquaintance
VIC00873,Balveer Sundaram,31,F,Stranger
VIC00874,Chaitaly Suri,41,F,Stranger
VIC00875,Rachit Pall,13,F,Stranger
VIC00876,Upadhriti Maharaj,35,M,Stranger
VIC00877,Ekapad Wali,49,M,Neighbor
VIC00878,Shivani Merchant,41,F,Colleague
VIC00879,Jeevika Setty,43,M,Stranger
VIC00880,Yashawini Raghavan,56,M,Family member
VIC00881,Anirudh Patla,33,M,Acquaintance
VIC00882,Ekani Bhatnagar,24,M,Colleague
VIC00883,Ranveer Viswanathan,50,M,Stranger
VIC00884,Mitesh Mandal,50,M,Stranger
VIC00885,Nimrat Nagy,41,M,Stranger
VIC00886,Gopal Virk,31,F,Stranger
VIC00887,Caleb Dayal,34,M,Stranger
VIC00888,Azad Jaggi,16,F,Family member
VIC00889,Vedika Handa,49,F,Stranger
VIC00890,Azad Rama,49,M,Stranger
VIC00891,Aahana Bawa,15,M,Acquaintance
VIC00892,Timothy Bobal,46,M,Colleague
VIC00893,Sathvik Swamy,39,M,Acquaintance
VIC00894,Upadhriti Bhat,19,M,Neighbor
VIC00895,Ojasvi Pillay,17,M,Stranger
VIC00896,Amaira Wadhwa,39,F,Stranger
VIC00897,Ekavir Modi,28,F,Stranger
VIC00898,Tarak Venkataraman,59,F,Stranger
VIC00899,Harrison Kashyap,47,M,Stranger
VIC00900,Ranveer Hans,40,F,Stranger
VIC00901,Praneel Sagar,41,M,Stranger
VIC00902,Ishita Shanker,52,F,Stranger
VIC00903,Hemang Ganesan,45,F,Colleague
VIC00904,Neelima Thaman,40,M,Colleague
VIC00905,Nakul Walla,20,M,Acquaintance
VIC00906,Indira Murty,76,F,Stranger
VIC00907,Kamya Sachar,18,F,Family member
VIC00908,Ekiya Khosla,29,M,Family member
VIC00909,Keya Kumar,10,F,Stranger
VIC00910,Sneha Sem,41,F,Acquaintance
VIC00911,Aadi Banerjee,36,M,Stranger
VIC00912,Amol Vasa,44,F,Stranger
VIC00913,Chasmum Ahuja,9,M,Stranger
VIC00914,Tristan Kala,49,F,Stranger
VIC00915,Anthony Majumdar,22,M,Stranger
VIC00916,Girindra Barad,31,F,Stranger
VIC00917,Ishani Dugal,47,M,Stranger
VIC00918,Alka Peri,37,M,Acquaintance
VIC00919,Viraj Kunda,38,F,Stranger
VIC00920,George Ratta,45,F,Stranger
VIC00921,Faras Nair,40,F,Stranger
VIC00922,Oscar Sura,29,M,Family member
VIC00923,Charita Barad,31,F,Family member
VIC00924,Farhan Bhalla,36,M,Acquaintance
VIC00925,Ijaya Saraf,21,M,Stranger
VIC00926,Jai Karan,47,M,Neighbor
VIC00927,Lavanya Bhagat,38,F,Colleague
VIC00928,Benjamin Nagar,35,M,Stranger
VIC00929,Eta Thakkar,50,F,Stranger
VIC00930,Michael Bedi,32,M,Stranger
VIC00931,Sanaya Thaman,31,M,Stranger
VIC00932,Tristan Sankaran,27,F,Neighbor
VIC00933,Meera Divan,38,M,Family member
VIC00934,Gayathri Butala,38,M,Stranger
VIC00935,Chandran Rastogi,24,F,Stranger
VIC00936,Frederick Rastogi,31,M,Acquaintance
VIC00937,Kalpit Deshmukh,24,F,Acquaintance
VIC00938,Rudra Sura,24,F,Stranger
VIC00939,Rohan Viswanathan,9,F,Acquaintance
VIC00940,Xavier Bora,30,M,Stranger
VIC00941,Qushi Naik,10,F,Acquaintance
VIC00942,Isaiah Sachdev,27,M,Colleague
VIC00943,Jasmit Pall,25,M,Stranger
VIC00944,Ekani Padmanabhan,48,M,Family member
VIC00945,Dalaja Gara,19,M,Family member
VIC00946,Riya Dhingra,23,M,Neighbor
VIC00947,Chaitanya Kaur,28,M,Stranger
VIC00948,Kashvi Dugal,25,M,Stranger
VIC00949,Isaiah Bhagat,53,M,Acquaintance
VIC00950,Manbir Mani,18,M,Acquaintance
VIC00951,Hemal Choudhry,28,F,Neighbor
VIC00952,Shivani Sinha,38,M,Stranger
VIC00953,Garima Kadakia,46,M,Stranger
VIC00954,Samar Virk,28,M,Stranger
VIC00955,Vasudha Dhaliwal,7,F,Acquaintance
VIC00956,Krisha Vyas,31,F,Stranger
VIC00957,Aadhya Garde,52,F,Acquaintance
VIC00958,Bhanumati Iyer,37,F,Stranger
VIC00959,Chatresh Shroff,37,M,Acquaintance
VIC00960,Ekalinga Rama,19,F,Stranger
VIC00961,Jagvi Chokshi,17,F,Stranger
VIC00962,Brinda Raju,34,M,Family member
VIC00963,Lajita Trivedi,14,M,Acquaintance
VIC00964,Diya Sundaram,44,M,Stranger
VIC00965,Quincy Issac,22,M,Family member
VIC00966,Anthony Baral,33,F,Family member
VIC00967,Dalaja Nath,7,F,Stranger
VIC00968,Maya Dugar,28,M,Colleague
VIC00969,Idika Pandey,17,M,Stranger
VIC00970,Chasmum Keer,5,F,Stranger
VIC00971,David Kurian,41,F,Stranger
VIC00972,Ayushman Mammen,56,M,Stranger
VIC00973,Max Om,49,F,Stranger
VIC00974,Laksh Chahal,43,M,Family member
VIC00975,Utkarsh Sahni,28,F,Stranger
VIC00976,Michael Sandhu,45,F,Stranger
VIC00977,Forum Sen,51,F,Stranger
VIC00978,Samuel Devi,35,M,Acquaintance
VIC00979,Lakshit More,17,M,Family member
VIC00980,Qushi Dhillon,27,M,Stranger
VIC00981,Eesha Bir,57,F,Neighbor
VIC00982,Qarin Nadkarni,32,F,Stranger
VIC00983,Ayushman Nagar,5,F,Family member
VIC00984,Nisha Mitter,13,M,Neighbor
VIC00985,Anusha Doshi,28,F,Acquaintance
VIC00986,Hredhaan Deep,48,F,Stranger
VIC00987,Atharv Loke,30,F,Acquaintance
VIC00988,Vincent Kashyap,48,F,Stranger
VIC00989,Jagrati Buch,26,M,Stranger
VIC00990,Krish Thakkar,6,F,Stranger
VIC00991,Kashvi Gour,27,M,Stranger
VIC00992,Vyanjana Som,38,F,Stranger
VIC00993,Nihal Hans,37,M,Stranger
VIC00994,Bachittar Rege,16,F,Acquaintance
VIC00995,Anamika Sachar,29,M,Acquaintance
VIC00996,Samaksh Jayaraman,71,M,Stranger
VIC00997,Peter Sarna,16,M,Stranger
VIC00998,Ekta Shankar,43,F,Stranger
VIC00999,Prisha Ravel,5,F,Stranger
VIC01000,Lajita Munshi,46,F,Stranger
VIC01001,Balvan Verma,21,M,Stranger
VIC01002,Siya Shan,39,M,Family member
VIC01003,Yatan Venkataraman,15,F,Stranger
VIC01004,Balveer Ram,38,F,Colleague
VIC01005,Ranveer Manne,21,M,Stranger
VIC01006,Mitali Modi,23,F,Stranger
VIC01007,Triya Ganesan,40,F,Neighbor
VIC01008,Chaitaly Bhagat,27,F,Stranger
VIC01009,Ubika Seth,39,M,Acquaintance
VIC01010,Xiti Chowdhury,31,M,Neighbor
VIC01011,Krishna Ramaswamy,34,F,Stranger
VIC01012,Ekiya Seshadri,40,M,Family member
VIC01013,Praneel Setty,29,F,Acquaintance
VIC01014,Suhani Chana,20,F,Neighbor
VIC01015,Ekiya Gade,26,F,Stranger
VIC01016,Gavin Comar,50,F,Stranger
VIC01017,Janani Chada,35,M,Family member
VIC01018,Yasti Dutta,22,M,Acquaintance
VIC01019,Lajita Bassi,39,M,Family member
VIC01020,Gautami Doctor,40,M,Stranger
VIC01021,Maanav Gola,41,M,Stranger
VIC01022,Oni Morar,20,F,Stranger
VIC01023,Sanaya Mani,24,M,Acquaintance
VIC01024,Jacob Deep,24,M,Stranger
VIC01025,Aarush Kulkarni,28,F,Stranger
VIC01026,Tara Tank,41,M,Acquaintance
VIC01027,Abdul Tak,38,F,Neighbor
VIC01028,Teerth Soni,39,F,Stranger
VIC01029,Nimrat Sathe,52,F,Family member
VIC01030,Abeer Konda,43,M,Colleague
VIC01031,Sarthak Bawa,32,F,Family member
VIC01032,Manbir Bhakta,17,F,Neighbor
VIC01033,Balhaar Dhillon,23,F,Family member
VIC01034,Chanchal Narula,30,M,Acquaintance
VIC01035,Chandran Chopra,45,M,Colleague
VIC01036,Pranav Edwin,33,M,Family member
VIC01037,Peter Shah,24,M,Neighbor
VIC01038,Balendra Chander,23,F,Stranger
VIC01039,Ekantika Pillay,33,F,Stranger
VIC01040,Ekansh Sane,46,F,Stranger
VIC01041,Brinda Sinha,56,M,Family member
VIC01042,Jairaj Maharaj,31,M,Stranger
VIC01043,Odika Vohra,33,F,Neighbor
VIC01044,Shaurya Bhardwaj,17,F,Neighbor
VIC01045,Gagan Sule,61,F,Stranger
VIC01046,Prisha Nadig,14,M,Neighbor
VIC01047,Irya Dayal,50,F,Neighbor
VIC01048,Zinal Tank,28,M,Stranger
VIC01049,Pranit Kaul,25,F,Family member
VIC01050,Rishi Agarwal,18,F,Family member
VIC01051,Arjun Shroff,67,F,Acquaintance
VIC01052,Sarthak Sachdeva,37,M,Stranger
VIC01053,Chakradev Nath,34,F,Family member
VIC01054,Simon Apte,46,F,Stranger
VIC01055,Baghyawati Kumar,24,M,Stranger
VIC01056,Darika Mital,34,F,Acquaintance
VIC01057,Abeer Comar,34,F,Stranger
VIC01058,Harita Randhawa,26,M,Acquaintance
VIC01059,Parth Hari,50,M,Stranger
VIC01060,Hamsini Srinivas,30,M,Acquaintance
VIC01061,Balendra Deshpande,12,F,Family member
VIC01062,Nachiket Sharma,29,F,Family member
VIC01063,Turvi Sachdev,37,F,Family member
VIC01064,Chandani Mutti,21,M,Stranger
VIC01065,Sathvik Narula,22,F,Stranger
VIC01066,Dominic Dixit,26,F,Family member
VIC01067,Azaan Nori,51,F,Stranger
VIC01068,Noah Ramachandran,27,M,Stranger
VIC01069,Jackson Morar,54,F,Neighbor
VIC01070,Azad Magar,25,F,Stranger
VIC01071,Gabriel Taneja,38,F,Neighbor
VIC01072,Kamya Seth,27,F,Acquaintance
VIC01073,Tarak Vohra,44,F,Colleague
VIC01074,Parth Choudhury,18,M,Family member
VIC01075,Baljiwan Jaggi,44,M,Stranger
VIC01076,Sachi Toor,35,M,Stranger
VIC01077,Vasudha Tella,25,M,Stranger
VIC01078,Ranveer Oak,31,F,Stranger
VIC01079,Dayita Narang,55,F,Stranger
VIC01080,Guneet Varty,35,F,Stranger
VIC01081,Samesh Bansal,24,F,Stranger
VIC01082,Lila Vig,17,F,Stranger
VIC01083,Aayush Mukhopadhyay,41,F,Family member
VIC01084,Gagan Nath,36,M,Stranger
VIC01085,Chakradhar Chauhan,43,M,Neighbor
VIC01086,Arin Muni,13,F,Colleague
VIC01087,Ekani Iyer,17,M,Acquaintance
VIC01088,Bhavini Malhotra,50,M,Stranger
VIC01089,Ridhi Dalal,38,M,Stranger
VIC01090,Manthan Dugar,41,M,Acquaintance
VIC01091,Ishwar Aurora,20,F,Stranger
VIC01092,Samuel Palla,20,F,Stranger
VIC01093,Anika Dhaliwal,47,M,Stranger
VIC01094,Yash Garg,48,M,Acquaintance
VIC01095,Deepa Nigam,18,F,Family member
VIC01096,Chandresh De,16,F,Family member
VIC01097,Urishilla Bedi,32,M,Stranger
VIC01098,Leela Bhagat,22,M,Stranger
VIC01099,Pooja Ramanathan,22,M,Neighbor
VIC01100,Sanaya Parekh,16,F,Neighbor
VIC01101,Gaurangi Hora,27,F,Acquaintance
VIC01102,Udyati Deep,17,F,Stranger
VIC01103,Upadhriti Chatterjee,18,M,Acquaintance
VIC01104,Dayita Shroff,38,M,Stranger
VIC01105,Vincent Kapur,33,M,Colleague
VIC01106,Aarna Patla,40,F,Acquaintance
VIC01107,Qadim Narayanan,10,M,Acquaintance
VIC01108,Sudiksha Sura,34,F,Neighbor
VIC01109,Dhruv Soman,63,M,Stranger
VIC01110,Indali Srinivas,28,F,Stranger
VIC01111,Onkar Mandal,45,M,Stranger
VIC01112,Joshua Trivedi,45,M,Neighbor
VIC01113,Nidra Chhabra,46,F,Family member
VIC01114,Ekavir Mittal,36,F,Stranger
VIC01115,Nandini Sachdev,41,F,Acquaintance
VIC01116,Yagnesh Dutt,43,F,Stranger
VIC01117,Leena Bhatti,42,M,Neighbor
VIC01118,Sathvik Sankar,18,M,Colleague
VIC01119,Hema Keer,10,F,Stranger
VIC01120,Faras Sur,12,F,Acquaintance
VIC01121,Ubika Nanda,30,F,Stranger
VIC01122,Sai Goda,42,M,Stranger
VIC01123,Nidra Boase,18,M,Stranger
VIC01124,Ladli Narang,46,F,Stranger
VIC01125,Darsh Chana,26,F,Neighbor
VIC01126,Liam Acharya,27,M,Stranger
VIC01127,Manthan Sethi,22,F,Stranger
VIC01128,Madhavi Sekhon,7,M,Family member
VIC01129,Samesh Nadig,37,F,Stranger
VIC01130,Daksha Saran,57,M,Neighbor
VIC01131,Gaurav Anand,33,M,Stranger
VIC01132,Joshua Menon,8,M,Stranger
VIC01133,Kala Bera,44,F,Acquaintance
VIC01134,Jagrati Choudhary,11,F,Colleague
VIC01135,Azaan Keer,17,F,Acquaintance
VIC01136,Meera Nadkarni,30,M,Stranger
VIC01137,Nidra Raj,35,F,Acquaintance
VIC01138,Siddharth Ghose,19,F,Stranger
VIC01139,Liam Guha,30,F,Acquaintance
VIC01140,Jagvi Sahni,44,M,Acquaintance
VIC01141,Bhavya Dass,45,F,Family member
VIC01142,Advay Bora,51,M,Stranger
VIC01143,Maanas Sur,60,F,Acquaintance
VIC01144,Laban Chad,45,M,Colleague
VIC01145,Ojasvi Shah,30,F,Stranger
VIC01146,Pranit Sha,46,F,Acquaintance
VIC01147,Shivani Rajagopalan,40,F,Stranger
VIC01148,Upkaar Grewal,41,F,Family member
VIC01149,Abhimanyu Tara,36,F,Acquaintance
VIC01150,Yachana Luthra,21,M,Stranger
VIC01151,Jeevika Bandi,19,F,Stranger
VIC01152,Vasudha Pillay,32,M,Stranger
VIC01153,Vasatika Buch,36,F,Stranger
VIC01154,Ati Shroff,24,M,Stranger
VIC01155,Gaurang Korpal,39,F,Neighbor
VIC01156,Faras Zacharia,63,M,Neighbor
VIC01157,Chatresh Oza,9,M,Family member
VIC01158,Upasna Setty,42,M,Family member
VIC01159,Garima Sama,33,F,Stranger
VIC01160,Chaitaly Mann,40,M,Stranger
VIC01161,Balendra Modi,27,F,Stranger
VIC01162,Darsh Solanki,31,F,Stranger
VIC01163,Charan Manne,35,F,Family member
VIC01164,Bhavini Sundaram,29,M,Stranger
VIC01165,Jonathan Tiwari,12,F,Stranger
VIC01166,Arunima Krishnan,30,F,Stranger
VIC01167,Avni Maharaj,14,F,Family member
VIC01168,Akshay Choudhury,43,F,Stranger
VIC01169,Matthew Sekhon,7,M,Stranger
VIC01170,Parth Lal,48,M,Stranger
VIC01171,Vedhika Golla,40,M,Acquaintance
VIC01172,Hemal Chad,40,M,Stranger
VIC01173,Mitesh Tandon,5,F,Acquaintance
VIC01174,Leela Khanna,29,M,Stranger
VIC01175,Oliver Kade,50,F,Stranger
VIC01176,Chatura Lalla,26,M,Stranger
VIC01177,Charles Ganesh,18,F,Family member
VIC01178,Mohini Soni,25,F,Stranger
VIC01179,Vamakshi Walia,33,M,Stranger
VIC01180,Ladli Ramakrishnan,22,M,Stranger
VIC01181,Adweta Dhillon,51,M,Stranger
VIC01182,Advik Mani,33,F,Acquaintance
VIC01183,Lavanya Mutti,26,M,Stranger
VIC01184,Gunbir Wali,15,M,Acquaintance
VIC01185,Rachana Mahajan,40,M,Acquaintance
VIC01186,Anamika Loke,40,M,Stranger
VIC01187,Aadhya Raman,22,M,Stranger
VIC01188,Wyatt Hayer,5,F,Stranger
VIC01189,Pranit Munshi,39,F,Stranger
VIC01190,Abhiram Bir,31,F,Acquaintance
VIC01191,Nisha Chaudhari,38,M,Colleague
VIC01192,Sanaya Panchal,61,F,Stranger
VIC01193,Bhanumati Krishnamurthy,33,M,Family member
VIC01194,Bahadurjit Bajwa,26,F,Neighbor
VIC01195,Dakshesh Kalla,17,M,Acquaintance
VIC01196,Jagdish Chadha,29,M,Stranger
VIC01197,Keya Goyal,36,M,Stranger
VIC01198,Qarin Kulkarni,34,F,Neighbor
VIC01199,Unni Borra,58,F,Acquaintance
VIC01200,Aradhana Sane,40,M,Acquaintance
VIC01201,Aarini Edwin,32,F,Stranger
VIC01202,Aradhana Bhatia,24,F,Acquaintance
VIC01203,Lipika Natarajan,37,M,Stranger
VIC01204,Aarna Lanka,21,M,Stranger
VIC01205,Ridhi Boase,36,M,Stranger
VIC01206,Sai Ramaswamy,40,F,Neighbor
VIC01207,Vyanjana Chopra,30,M,Acquaintance
VIC01208,Raagini Kamdar,25,F,Stranger
VIC01209,Riya Lad,5,F,Family member
VIC01210,Bakhshi Bora,50,M,Stranger
VIC01211,Zashil Sehgal,39,M,Stranger
VIC01212,Widisha Dixit,39,M,Stranger
VIC01213,Baljiwan Ramakrishnan,12,M,Family member
VIC01214,Max Narayan,53,F,Stranger
VIC01215,Aarush Varma,27,F,Acquaintance
VIC01216,Vanya Sarin,29,M,Acquaintance
VIC01217,Ekaraj Zachariah,19,F,Stranger
VIC01218,Aarush Rajagopalan,8,M,Acquaintance
VIC01219,Jairaj Wason,50,F,Colleague
VIC01220,Gauri Mitter,52,F,Family member
VIC01221,Christopher Chana,31,F,Acquaintance
VIC01222,Harini Buch,24,M,Stranger
VIC01223,Bimala Jain,28,M,Acquaintance
VIC01224,Balveer Rajagopalan,29,F,Acquaintance
VIC01225,Chandani Ramakrishnan,17,F,Stranger
VIC01226,Jagrati Sur,29,F,Acquaintance
VIC01227,Raksha Gupta,36,M,Stranger
VIC01228,Balendra Hans,48,M,Neighbor
VIC01229,William Suresh,34,M,Stranger
VIC01230,Dev Zachariah,11,M,Neighbor
VIC01231,Xalak Walla,38,M,Acquaintance
VIC01232,Amol Bansal,30,M,Stranger
VIC01233,Daksh Nazareth,53,M,Stranger
VIC01234,Nidra Dani,54,M,Stranger
VIC01235,Tara Yadav,54,F,Stranger
VIC01236,Viraj Bora,26,F,Family member
VIC01237,Lohit Suresh,61,F,Stranger
VIC01238,Urishilla Bath,38,M,Family member
VIC01239,Kalpit Atwal,56,F,Family member
VIC01240,Chandresh Mohanty,26,F,Family member
VIC01241,Tanmayi Garde,29,F,Family member
VIC01242,Hitesh Comar,37,F,Acquaintance
VIC01243,Thomas Bhatnagar,36,M,Family member
VIC01244,Pooja Nazareth,51,F,Stranger
VIC01245,Ekta Dara,30,M,Acquaintance
VIC01246,Ekanta Kala,50,M,Stranger
VIC01247,Oscar Nayak,44,F,Stranger
VIC01248,Jai Mahal,31,M,Stranger
VIC01249,Ojasvi Ganguly,43,M,Neighbor
VIC01250,Nitesh Sarna,27,M,Stranger
VIC01251,Banjeet Deol,66,F,Neighbor
VIC01252,Krisha Dugar,5,M,Stranger
VIC01253,Vidhi Buch,43,M,Acquaintance
VIC01254,Abhimanyu Gola,9,M,Stranger
VIC01255,Bhanumati Saha,30,M,Stranger
VIC01256,Jonathan Jhaveri,32,M,Stranger
VIC01257,Anika Virk,55,F,Stranger
VIC01258,Nisha Khare,24,M,Acquaintance
VIC01259,Baljiwan Gole,52,M,Acquaintance
VIC01260,Gaurang Mitra,17,F,Neighbor
VIC01261,Omya Agrawal,52,M,Stranger
VIC01262,Rehaan Dalal,27,F,Stranger
VIC01263,Janaki Zacharia,35,M,Acquaintance
VIC01264,Ucchal Joshi,29,F,Neighbor
VIC01265,Chatresh Hari,51,F,Stranger
VIC01266,Manthan Som,49,M,Acquaintance
VIC01267,Patrick Dutta,40,F,Neighbor
VIC01268,Chatura Patla,17,M,Stranger
VIC01269,Shaurya Saran,23,M,Acquaintance
VIC01270,Gaurika Setty,19,F,Stranger
VIC01271,Hemang Ben,5,F,Stranger
VIC01272,Nakul Balakrishnan,51,M,Family member
VIC01273,Yutika D’Alia,29,M,Stranger
VIC01274,Wahab Saxena,29,F,Stranger
VIC01275,Oni Issac,54,F,Stranger
VIC01276,Victor Choudhary,27,M,Stranger
VIC01277,Vedant Chaudhari,22,M,Family member
VIC01278,Nitara Iyengar,30,M,Acquaintance
VIC01279,Thomas Borah,18,M,Family member
VIC01280,Vedhika Bhagat,38,M,Stranger
VIC01281,Maanav Kalita,28,F,Stranger
VIC01282,Pranav Ram,26,M,Stranger
VIC01283,Laban Shankar,25,F,Family member
VIC01284,Jagrati Madan,32,M,Stranger
VIC01285,Gautami Datta,35,M,Stranger
VIC01286,Darpan Mand,26,F,Neighbor
VIC01287,Indrajit Shroff,28,M,Stranger
VIC01288,Omya Garg,32,F,Stranger
VIC01289,Thomas Merchant,31,M,Family member
VIC01290,Onkar Karpe,34,F,Acquaintance
VIC01291,Nisha Vig,24,F,Stranger
VIC01292,Tarak Solanki,48,F,Family member
VIC01293,Arya Atwal,35,F,Acquaintance
VIC01294,Yatin Kota,26,M,Stranger
VIC01295,Radha Kapadia,38,F,Acquaintance
VIC01296,Abdul Sahni,32,M,Family member
VIC01297,Banjeet Singhal,9,F,Stranger
VIC01298,Pavani Wali,38,M,Acquaintance
VIC01299,Varenya Chaudhari,19,F,Family member
VIC01300,Warhi Khosla,47,M,Stranger
VIC01301,Advik Ray,30,F,Family member
VIC01302,Kevin Parmer,44,F,Acquaintance
VIC01303,William Chana,25,F,Family member
VIC01304,Varsha Mody,34,M,Stranger
VIC01305,Tripti Bajwa,50,M,Stranger
VIC01306,Ubika Devi,30,M,Family member
VIC01307,Qasim Prabhakar,25,F,Stranger
VIC01308,Aarav Bobal,43,F,Stranger
VIC01309,Gaurangi Wali,42,M,Acquaintance
VIC01310,Chaman Sandhu,26,F,Family member
VIC01311,Sarthak Buch,6,M,Stranger
VIC01312,Christopher Varma,25,F,Acquaintance
VIC01313,Charan Choudhry,43,M,Family member
VIC01314,Jasmit Shroff,23,F,Colleague
VIC01315,Jasmit Peri,33,M,Stranger
VIC01316,Ekalinga Jayaraman,24,M,Acquaintance
VIC01317,Gaurika Khare,6,M,Stranger
VIC01318,Vanya Kadakia,24,F,Stranger
VIC01319,Ekani Pandit,43,M,Family member
VIC01320,Yahvi Sampath,5,M,Colleague
VIC01321,Chatura Bhatnagar,37,F,Colleague
VIC01322,Hemani Sethi,17,F,Neighbor
VIC01323,Yachana Vyas,42,F,Acquaintance
VIC01324,Upma Wali,44,F,Stranger
VIC01325,Siya Pillai,31,M,Family member
VIC01326,Raghav Shankar,31,F,Acquaintance
VIC01327,Faris Raman,22,F,Acquaintance
VIC01328,Bhavya Bose,15,M,Stranger
VIC01329,Nitesh Majumdar,57,F,Family member
VIC01330,Manbir Taneja,21,M,Stranger
VIC01331,Samarth Verma,55,F,Family member
VIC01332,Chaaya Saha,21,M,Stranger
VIC01333,Urvi Palan,41,F,Stranger
VIC01334,Sachi Bail,18,M,Stranger
VIC01335,Ranbir Bhatnagar,41,F,Acquaintance
VIC01336,Vincent Venkatesh,29,M,Stranger
VIC01337,Nisha Oza,29,M,Stranger
VIC01338,Vedika Wagle,42,M,Stranger
VIC01339,Tanvi Modi,27,F,Stranger
VIC01340,Damini Garg,14,F,Family member
VIC01341,Utkarsh Sule,44,M,Stranger
VIC01342,Bhavya Batta,17,F,Stranger
VIC01343,Ira Mane,41,F,Neighbor
VIC01344,Ojas Dyal,47,M,Stranger
VIC01345,Qabil Gill,28,M,Family member
VIC01346,Neel Khanna,50,F,Stranger
VIC01347,Benjamin Nadig,40,F,Acquaintance
VIC01348,Ridhi Lad,24,M,Stranger
VIC01349,Qarin Jha,53,F,Stranger
VIC01350,Edhitha Padmanabhan,18,M,Stranger
VIC01351,Kashish Sen,28,F,Stranger
VIC01352,Charvi Dara,31,M,Family member
VIC01353,Nidhi Tata,42,M,Acquaintance
VIC01354,Tara Nagarajan,49,M,Neighbor
VIC01355,Aayush Tripathi,48,F,Stranger
VIC01356,Chakrika Som,37,F,Stranger
VIC01357,Manan Sathe,30,M,Stranger
VIC01358,Isaiah Srinivas,8,F,Stranger
VIC01359,Liam Dada,15,F,Acquaintance
VIC01360,Aryan Ratti,58,F,Family member
VIC01361,Sanaya Parikh,8,M,Family member
VIC01362,Eta Bhakta,23,F,Family member
VIC01363,Tristan Mall,50,M,Stranger
VIC01364,Arin Chacko,36,M,Stranger
VIC01365,Gagan Vala,46,F,Stranger
VIC01366,Robert Swaminathan,41,F,Acquaintance
VIC01367,Yasti Bhalla,54,M,Stranger
VIC01368,Mitali Divan,38,M,Acquaintance
VIC01369,Kala Raju,43,F,Neighbor
VIC01370,Advik Mane,23,F,Acquaintance
VIC01371,Indali Morar,42,F,Family member
VIC01372,Gagan Kale,28,F,Family member
VIC01373,Ojasvi Savant,27,F,Acquaintance
VIC01374,Nihal Samra,46,M,Acquaintance
VIC01375,Liam Chadha,46,M,Acquaintance
VIC01376,Sarthak Mitter,57,F,Stranger
VIC01377,Gautami Bhatti,56,F,Stranger
VIC01378,Gaurang Ahuja,46,M,Neighbor
VIC01379,Anjali Sachdeva,9,M,Neighbor
VIC01380,Turvi Devan,59,M,Stranger
VIC01381,Quincy Raj,46,F,Stranger
VIC01382,Vritti Basak,23,F,Neighbor
VIC01383,Daksha Tak,44,M,Family member
VIC01384,Udarsh Bala,19,F,Stranger
VIC01385,Mitesh Lala,42,M,Neighbor
VIC01386,Urmi Dash,15,M,Stranger
VIC01387,Omisha Gola,22,M,Neighbor
VIC01388,Yash Balakrishnan,43,M,Stranger
VIC01389,Aradhana Tailor,49,M,Stranger
VIC01390,Janaki Srivastava,38,M,Stranger
VIC01391,Aarna Soni,29,M,Stranger
VIC01392,Kashvi Vala,5,M,Stranger
VIC01393,Aashi Gaba,31,M,Acquaintance
VIC01394,Madhav Nagarajan,41,M,Stranger
VIC01395,Krishna Parikh,29,M,Stranger
VIC01396,Chatresh Mahajan,33,M,Stranger
VIC01397,Oni Parekh,31,M,Stranger
VIC01398,Bimala Manne,29,F,Stranger
VIC01399,Yoshita Hari,35,M,Family member
VIC01400,Girindra Ganesh,30,F,Stranger
VIC01401,Diya Mitra,54,F,Stranger
VIC01402,Janani Char,5,M,Stranger
VIC01403,Maanas Arya,26,M,Stranger
VIC01404,Zarna Manda,21,M,Stranger
VIC01405,Vedhika Sabharwal,37,M,Neighbor
VIC01406,Nicholas Chaudry,35,M,Colleague
VIC01407,Mohammed Thakur,56,F,Stranger
VIC01408,Raghav Vora,61,F,Family member
VIC01409,Omisha Sharma,23,M,Stranger
VIC01410,Jackson Deep,34,M,Acquaintance
VIC01411,Varsha Pall,36,M,Colleague
VIC01412,Janani Dewan,22,M,Colleague
VIC01413,Hema Gera,42,F,Acquaintance
VIC01414,Ayush Dani,30,M,Neighbor
VIC01415,Kabir Dhar,19,M,Stranger
VIC01416,Damyanti Dass,30,M,Family member
VIC01417,Kalpit Brar,20,M,Colleague
VIC01418,Isaac Brahmbhatt,48,M,Neighbor
VIC01419,Veda Sankar,60,M,Acquaintance
VIC01420,Ronith Chokshi,37,F,Stranger
VIC01421,Yochana Bhargava,35,M,Acquaintance
VIC01422,Jagat Kulkarni,36,F,Acquaintance
VIC01423,Dominic Mitra,50,M,Family member
VIC01424,Gopal Dasgupta,50,F,Stranger
VIC01425,Ryan Goyal,32,M,Stranger
VIC01426,Ayush Chana,37,M,Acquaintance
VIC01427,Arunima Pall,43,M,Stranger
VIC01428,Naveen Tella,18,F,Colleague
VIC01429,Yashasvi Bir,50,M,Acquaintance
VIC01430,Akshay Wadhwa,58,M,Stranger
VIC01431,Rehaan Manda,50,F,Stranger
VIC01432,Aayush Chaudhary,16,M,Colleague
VIC01433,Yamini Soman,6,M,Stranger
VIC01434,Qasim Sarraf,43,F,Stranger
VIC01435,Pratyush Pant,23,F,Acquaintance
VIC01436,Panini Kala,38,M,Stranger
VIC01437,Nikita Chowdhury,55,F,Acquaintance
VIC01438,Jatin Shukla,24,M,Neighbor
VIC01439,Zinal Deshpande,28,F,Family member
VIC01440,Jalsa Mani,37,F,Family member
VIC01441,Fitan Narang,15,F,Stranger
VIC01442,Jack Rajan,23,M,Family member
VIC01443,Tanmayi Muni,34,F,Acquaintance
VIC01444,Upkaar Reddy,29,M,Family member
VIC01445,Priya Gulati,42,F,Stranger
VIC01446,Vamakshi Pillai,72,M,Family member
VIC01447,Agastya Swamy,35,F,Stranger
VIC01448,Meghana Sarma,22,M,Neighbor
VIC01449,Jagdish Dhar,53,M,Stranger
VIC01450,Nandini Chaudry,11,M,Stranger
VIC01451,Dhruv Patla,14,F,Stranger
VIC01452,Hamsini Iyer,25,M,Acquaintance
VIC01453,Jason Kaul,30,M,Family member
VIC01454,Xalak Mallick,25,M,Stranger
VIC01455,Mugdha Parekh,33,M,Stranger
VIC01456,Nidhi Sundaram,37,F,Family member
VIC01457,Manan Sha,48,M,Stranger
VIC01458,Jason Krishna,35,F,Stranger
VIC01459,Widisha Kashyap,26,F,Acquaintance
VIC01460,Ayushman Chaudhary,48,M,Acquaintance
VIC01461,Ekansh Tara,22,F,Acquaintance
VIC01462,Praneel Raja,11,F,Acquaintance
VIC01463,Michael Mitter,50,M,Stranger
VIC01464,Faraj Venkatesh,49,M,Stranger
VIC01465,Unnati Jaggi,22,F,Stranger
VIC01466,Widisha Swaminathan,28,F,Family member
VIC01467,Hemal Zachariah,21,M,Acquaintance
VIC01468,Azad Sani,38,F,Acquaintance
VIC01469,Leela Sengupta,58,F,Stranger
VIC01470,Krisha Savant,43,F,Stranger
VIC01471,Balendra Bali,48,F,Acquaintance
VIC01472,Chavvi Gala,45,F,Stranger
VIC01473,Raagini Desai,33,F,Stranger
VIC01474,Lopa Sura,49,F,Stranger
VIC01475,Vritti Zacharia,44,F,Stranger
VIC01476,Vamakshi Dugar,54,M,Family member
VIC01477,Mahika Lall,27,F,Stranger
VIC01478,Krishna Pandit,9,M,Stranger
VIC01479,Ekani Bhat,48,M,Stranger
VIC01480,Chakradev Dave,38,M,Stranger
VIC01481,Ikshita Bala,29,F,Stranger
VIC01482,Lajita Chatterjee,30,F,Colleague
VIC01483,Hemani Parikh,69,M,Stranger
VIC01484,Indali Bhalla,25,M,Stranger
VIC01485,Yug Keer,22,M,Acquaintance
VIC01486,Frado Bhatti,35,M,Stranger
VIC01487,Ishwar Nazareth,50,F,Acquaintance
VIC01488,Anmol Yohannan,65,F,Stranger
VIC01489,Baljiwan Sharma,43,M,Stranger
VIC01490,Yutika Sama,16,M,Stranger
VIC01491,Anmol Singh,61,M,Stranger
VIC01492,Edhitha Purohit,33,F,Neighbor
VIC01493,Ekantika Chaudhari,22,F,Acquaintance
VIC01494,Harish Jha,18,F,Acquaintance
VIC01495,Watika Thakkar,45,F,Stranger
VIC01496,Ojas Mistry,37,M,Stranger
VIC01497,Rajata Jaggi,38,M,Family member
VIC01498,Faqid Wason,52,M,Stranger
VIC01499,Bhavna Lanka,22,F,Stranger
VIC01500,Chameli Ratti,53,M,Acquaintance
VIC01501,George Chandran,26,M,Acquaintance
VIC01502,Anjali Bhavsar,64,F,Stranger
VIC01503,Prisha Kadakia,42,M,Stranger
VIC01504,Faraj Mittal,21,F,Stranger
VIC01505,Rachita Zacharia,5,F,Acquaintance
VIC01506,Ryan Sachdeva,45,M,Stranger
VIC01507,Zayan Varma,28,F,Neighbor
VIC01508,Pranit Bahl,31,F,Stranger
VIC01509,Xalak Kala,44,F,Family member
VIC01510,Amrita Walia,48,M,Stranger
VIC01511,Darpan Vig,51,M,Stranger
VIC01512,Janya Shere,17,F,Stranger
VIC01513,Wridesh Dora,53,F,Stranger
VIC01514,Radhika Roy,25,F,Acquaintance
VIC01515,Devansh Jani,5,M,Stranger
VIC01516,Amara Mangat,17,F,Stranger
VIC01517,Aahana Keer,37,M,Family member
VIC01518,William Comar,20,M,Stranger
VIC01519,Rehaan Bala,32,M,Colleague
VIC01520,Dayita Shetty,38,F,Stranger
VIC01521,Rajata Sami,31,F,Family member
VIC01522,Saksham Dutta,27,M,Stranger
VIC01523,Laban Balakrishnan,16,M,Stranger
VIC01524,Arunima Goda,34,M,Acquaintance
VIC01525,Vedika Bahri,5,F,Stranger
VIC01526,Fiyaz Murthy,24,M,Family member
VIC01527,Devansh Ray,21,F,Stranger
VIC01528,Gautam Ranganathan,30,M,Stranger
VIC01529,Warinder Choudhury,31,F,Family member
VIC01530,Zayan Taneja,47,M,Acquaintance
VIC01531,Wazir Das,56,F,Colleague
VIC01532,Forum Ramakrishnan,18,F,Stranger
VIC01533,Pallavi Kamdar,61,F,Colleague
VIC01534,Hredhaan Gill,23,F,Stranger
VIC01535,Anvi Sarraf,36,M,Stranger
VIC01536,Aachal Bhalla,41,F,Stranger
VIC01537,Kavya Chowdhury,68,M,Stranger
VIC01538,Pallavi Soman,26,M,Stranger
VIC01539,Arunima Dhillon,8,F,Stranger
VIC01540,Vaishnavi Pillai,54,F,Colleague
VIC01541,Ansh Banerjee,22,M,Family member
VIC01542,Wriddhish Kulkarni,28,M,Stranger
VIC01543,Dayamai Patil,18,F,Stranger
VIC01544,Warjas Savant,28,M,Stranger
VIC01545,Abhiram Ramaswamy,22,M,Stranger
VIC01546,Charvi Chana,43,M,Acquaintance
VIC01547,Chameli Kade,35,F,Stranger
VIC01548,Reva Nadig,24,M,Stranger
VIC01549,Bahadurjit Mahal,47,M,Neighbor
VIC01550,Vyanjana Sinha,37,F,Stranger
VIC01551,Gaurangi Sami,8,F,Stranger
VIC01552,Naveen Lal,46,M,Family member
VIC01553,Indira Salvi,36,F,Stranger
VIC01554,Sudiksha Bala,53,F,Stranger
VIC01555,Qarin Sawhney,35,F,Stranger
VIC01556,Aarush Rattan,22,F,Stranger
VIC01557,Dalaja Murthy,31,M,Family member
VIC01558,Indrajit Dugar,45,F,Neighbor
VIC01559,Zaitra De,23,F,Colleague
VIC01560,Ekaja Seth,27,F,Neighbor
VIC01561,Kiaan Lad,30,M,Stranger
VIC01562,Falak Manda,17,F,Family member
VIC01563,Frado Sachdeva,23,M,Stranger
VIC01564,Qabil Ramaswamy,36,M,Acquaintance
VIC01565,Udarsh Bail,50,F,Stranger
VIC01566,Veer Chakraborty,38,M,Acquaintance
VIC01567,Rushil Lala,33,M,Acquaintance
VIC01568,Chandran Rattan,22,F,Stranger
VIC01569,Abha Dixit,49,M,Family member
VIC01570,Jhalak Garde,40,F,Neighbor
VIC01571,Akshay Vora,24,F,Neighbor
VIC01572,Sudiksha Talwar,46,M,Stranger
VIC01573,Udarsh Jani,41,M,Acquaintance
VIC01574,Amaira Mani,22,M,Acquaintance
VIC01575,Lavanya De,32,F,Acquaintance
VIC01576,Samuel Kale,27,M,Stranger
VIC01577,Ranbir Sahota,70,M,Stranger
VIC01578,Nilima Dhingra,41,M,Acquaintance
VIC01579,Bina Lala,36,F,Stranger
VIC01580,Shravya Kothari,40,M,Stranger
VIC01581,Tara Chada,53,F,Acquaintance
VIC01582,Upasna Deol,32,M,Stranger
VIC01583,Mitali Kala,25,M,Neighbor
VIC01584,Pallavi Kunda,45,M,Stranger
VIC01585,Girish Bhargava,31,F,Acquaintance
VIC01586,Gaurangi Keer,19,F,Stranger
VIC01587,Irya Bath,16,F,Stranger
VIC01588,Zehaan Thaman,55,M,Stranger
VIC01589,Chasmum Rana,35,M,Acquaintance
VIC01590,Kevin Barman,25,M,Acquaintance
VIC01591,Abha Gara,30,M,Stranger
VIC01592,Harinakshi Sidhu,45,M,Family member
VIC01593,Gaurav Nadig,29,M,Stranger
VIC01594,Lucky Lad,13,M,Stranger
VIC01595,Dhriti Basu,38,F,Stranger
VIC01596,Xalak Mand,50,M,Family member
VIC01597,Qushi Mandal,49,M,Acquaintance
VIC01598,Aishani Varughese,26,F,Neighbor
VIC01599,Rajata Gala,51,M,Stranger
VIC01600,Vyanjana Dora,36,M,Stranger
VIC01601,Chatresh Gulati,51,M,Stranger
VIC01602,Chatura Karpe,42,M,Family member
VIC01603,Balendra Singhal,12,F,Stranger
VIC01604,Nihal Sibal,58,F,Colleague
VIC01605,Jack Talwar,34,F,Family member
VIC01606,Riya Parikh,42,F,Neighbor
VIC01607,Tanvi Tailor,15,M,Stranger
VIC01608,Manbir Dasgupta,41,F,Family member
VIC01609,Girik Jani,49,M,Stranger
VIC01610,Pranit Ganguly,61,F,Acquaintance
VIC01611,Simon Agrawal,53,M,Acquaintance
VIC01612,Omaja Bose,41,F,Stranger
VIC01613,Wishi Chandra,12,M,Stranger
VIC01614,Atharv Mane,35,F,Stranger
VIC01615,Meera Prakash,25,M,Family member
VIC01616,Ekiya Dube,37,F,Family member
VIC01617,Finn Sharma,16,M,Family member
VIC01618,Sudiksha Luthra,31,M,Stranger
VIC01619,Forum Bassi,26,F,Acquaintance
VIC01620,Ekta Dayal,26,M,Stranger
VIC01621,Chanakya Mandal,26,F,Stranger
VIC01622,Christopher Bobal,32,F,Stranger
VIC01623,George Rastogi,38,F,Stranger
VIC01624,Pranav Khatri,5,F,Family member
VIC01625,Gaurav Bail,5,M,Stranger
VIC01626,Nicholas Rama,29,F,Stranger
VIC01627,Bhavani Dube,31,F,Acquaintance
VIC01628,Chanchal Swaminathan,36,M,Stranger
VIC01629,Dayita Deep,23,F,Neighbor
VIC01630,Gopal Pillai,34,M,Colleague
VIC01631,Vrishti Sehgal,35,M,Acquaintance
VIC01632,Vamakshi Loyal,23,F,Acquaintance
VIC01633,Gautam Sami,48,F,Colleague
VIC01634,Quincy Saraf,36,M,Stranger
VIC01635,Girik Baria,41,F,Stranger
VIC01636,Ubika Kapur,34,M,Acquaintance
VIC01637,Warhi Vyas,63,M,Neighbor
VIC01638,Bina Sidhu,42,M,Stranger
VIC01639,Fariq Sridhar,27,F,Stranger
VIC01640,Manthan Datta,45,F,Stranger
VIC01641,Yuvraj Virk,11,M,Stranger
VIC01642,Chakrika Batta,35,F,Stranger
VIC01643,Chakradev Varghese,38,M,Acquaintance
VIC01644,Yashvi Sandal,35,M,Stranger
VIC01645,Girindra Shetty,29,M,Stranger
VIC01646,Isha Kumar,19,F,Stranger
VIC01647,Yahvi Babu,22,M,Stranger
VIC01648,Turvi Gola,35,F,Stranger
VIC01649,Maya Bath,18,M,Colleague
VIC01650,Omaja Mishra,58,F,Stranger
VIC01651,Suhani Sengupta,5,M,Stranger
VIC01652,Harita Grover,29,F,Stranger
VIC01653,Qasim Brar,35,F,Neighbor
VIC01654,Hitesh Saraf,41,F,Acquaintance
VIC01655,Abdul Rana,21,F,Stranger
VIC01656,Agastya Garg,49,M,Stranger
VIC01657,Triveni Ravel,14,M,Stranger
VIC01658,Chavvi Patel,26,F,Acquaintance
VIC01659,Chasmum Chahal,42,F,Neighbor
VIC01660,Krishna Atwal,48,M,Acquaintance
VIC01661,Isaac Babu,14,F,Stranger
VIC01662,Avi Kadakia,71,F,Stranger
VIC01663,Maanav Khurana,21,F,Family member
VIC01664,Rayaan Chadha,15,M,Acquaintance
VIC01665,Ubika Divan,41,F,Stranger
VIC01666,Pahal Bains,29,M,Neighbor
VIC01667,Ojas Dua,27,F,Stranger
VIC01668,Vedhika Sinha,42,F,Stranger
VIC01669,Shivani Kibe,12,F,Stranger
VIC01670,Chaitaly Ramanathan,10,F,Stranger
VIC01671,Gauri Anand,25,F,Stranger
VIC01672,Rachana Sagar,49,F,Stranger
VIC01673,Bina Bansal,26,F,Acquaintance
VIC01674,Mugdha Sunder,56,F,Stranger
VIC01675,Vincent Bhat,50,M,Colleague
VIC01676,Pahal Mutti,37,F,Colleague
VIC01677,Amrita Sahni,38,M,Stranger
VIC01678,Jackson Talwar,37,F,Stranger
VIC01679,Saumya Sarin,36,M,Stranger
VIC01680,Neel Mani,28,M,Stranger
VIC01681,Upasna Padmanabhan,30,M,Acquaintance
VIC01682,Vincent Tripathi,19,F,Stranger
VIC01683,Harinakshi Sidhu,5,F,Neighbor
VIC01684,Chaaya Ramakrishnan,49,M,Stranger
VIC01685,Jagvi Sodhi,36,M,Neighbor
VIC01686,Sarthak Mandal,34,M,Family member
VIC01687,Vasudha Dayal,39,M,Stranger
VIC01688,Ryan Dugar,22,F,Stranger
VIC01689,Harrison Sagar,19,F,Stranger
VIC01690,Chavvi Keer,30,F,Family member
VIC01691,Champak Badami,53,M,Stranger
VIC01692,Advika Parikh,17,M,Stranger
VIC01693,Owen Thakur,5,F,Stranger
VIC01694,Devansh Nazareth,26,M,Family member
VIC01695,Ishaan Karan,49,F,Stranger
VIC01696,Udarsh Sur,9,M,Stranger
VIC01697,Harini Pant,17,M,Acquaintance
VIC01698,Amara Dora,37,M,Acquaintance
VIC01699,Chandresh Sarma,69,F,Family member
VIC01700,Indrajit Cherian,14,F,Family member
VIC01701,Benjamin Tripathi,14,F,Stranger
VIC01702,Oliver Dalal,38,M,Stranger
VIC01703,Janaki Dugar,50,M,Family member
VIC01704,Riya Toor,25,F,Neighbor
VIC01705,Hardik Dube,11,M,Stranger
VIC01706,Gaurika Devi,40,M,Stranger
VIC01707,Saksham Sarna,42,F,Stranger
VIC01708,Abeer Korpal,58,M,Acquaintance
VIC01709,Harita Mangat,43,M,Neighbor
VIC01710,Frederick Lata,45,F,Family member
VIC01711,Oeshi Patel,30,M,Stranger
VIC01712,Max Wagle,68,M,Stranger
VIC01713,Vedant Devi,28,M,Acquaintance
VIC01714,Odika Rout,25,M,Stranger
VIC01715,Zaitra Pathak,59,F,Neighbor
VIC01716,Saanvi Dhingra,13,M,Stranger
VIC01717,Zansi Boase,8,M,Stranger
VIC01718,Hamsini Murty,35,M,Stranger
VIC01719,Nitesh Saraf,33,M,Stranger
VIC01720,Maya Bansal,30,M,Family member
VIC01721,Dalbir Venkatesh,47,F,Stranger
VIC01722,Oni Ratti,21,M,Stranger
VIC01723,Dipta Padmanabhan,34,M,Acquaintance
VIC01724,Ati Wable,28,F,Stranger
VIC01725,Netra Sehgal,21,F,Colleague
VIC01726,Riya Pai,33,F,Stranger
VIC01727,Rudra Mitra,45,F,Acquaintance
VIC01728,Balhaar Yogi,63,F,Acquaintance
VIC01729,Madhavi Date,42,F,Colleague
VIC01730,Tanay Chander,5,F,Stranger
VIC01731,Harini Dutta,33,F,Neighbor
VIC01732,Ayaan Zacharia,34,M,Neighbor
VIC01733,Wyatt Modi,47,M,Stranger
VIC01734,Yashasvi Choudhry,36,F,Acquaintance
VIC01735,Kashish Lad,51,M,Acquaintance
VIC01736,Jatin Batta,39,M,Acquaintance
VIC01737,Saumya Misra,55,F,Stranger
VIC01738,Sudiksha Nori,27,F,Neighbor
VIC01739,Vivaan Palla,36,M,Family member
VIC01740,Bhavani Dey,45,F,Acquaintance
VIC01741,Zinal Kota,25,M,Stranger
VIC01742,Falak Varty,22,M,Stranger
VIC01743,Jalsa Sha,25,M,Stranger
VIC01744,Manan Sandal,23,F,Acquaintance
VIC01745,Finn Chanda,41,F,Family member
VIC01746,Pavani De,8,M,Stranger
VIC01747,Tanish Sehgal,12,F,Family member
VIC01748,Kala Vora,60,F,Colleague
VIC01749,Zilmil Rana,23,F,Stranger
VIC01750,Wishi Sampath,36,M,Family member
VIC01751,Vrishti Saha,13,M,Stranger
VIC01752,Maanas Tiwari,35,F,Neighbor
VIC01753,Vedhika Shankar,23,F,Stranger
VIC01754,Yochana Wadhwa,12,F,Family member
VIC01755,Simon Shah,52,F,Stranger
VIC01756,Bachittar Dugar,50,M,Stranger
VIC01757,Jagat Rege,32,M,Neighbor
VIC01758,Jai Pingle,47,M,Stranger
VIC01759,Banjeet Virk,60,F,Stranger
VIC01760,Jacob Prabhu,44,M,Stranger
VIC01761,Kavya Mitter,40,F,Family member
VIC01762,Vedika Bala,36,F,Stranger
VIC01763,Lucky Sama,43,M,Family member
VIC01764,Dalaja Mander,28,M,Family member
VIC01765,Qadim Suresh,30,M,Stranger
VIC01766,Jason Palla,40,M,Stranger
VIC01767,Chaitanya Sahni,27,M,Acquaintance
VIC01768,Dayita Sethi,28,M,Family member
VIC01769,Krishna Soman,34,M,Colleague
VIC01770,Lakshit Thaman,50,M,Stranger
VIC01771,Shivani Sen,18,M,Acquaintance
VIC01772,Eshana Chakraborty,44,F,Family member
VIC01773,Lila Kaul,45,F,Family member
VIC01774,Harinakshi Zachariah,45,M,Stranger
VIC01775,Saanvi Mall,22,F,Family member
VIC01776,Noah Bakshi,10,F,Acquaintance
VIC01777,Jatin Chada,41,M,Family member
VIC01778,Chatresh Vig,36,M,Stranger
VIC01779,Vamakshi Thakkar,48,M,Stranger
VIC01780,Jai Wali,24,F,Stranger
VIC01781,Anirudh Maharaj,44,M,Stranger
VIC01782,Yatan Sawhney,48,M,Stranger
VIC01783,Ekani Ratti,32,M,Acquaintance
VIC01784,Vyanjana Bajaj,39,F,Stranger
VIC01785,Rajeshri Gole,39,F,Neighbor
VIC01786,Arjun Wable,22,F,Stranger
VIC01787,Lavanya Kurian,41,M,Acquaintance
VIC01788,Ishwar Chaudhary,56,F,Stranger
VIC01789,Bhavika Dhawan,34,M,Neighbor
VIC01790,Aadhya Chakraborty,13,M,Acquaintance
VIC01791,Damyanti Reddy,24,M,Stranger
VIC01792,Daniel Nanda,9,M,Neighbor
VIC01793,Avi Bhardwaj,52,F,Acquaintance
VIC01794,Madhavi Chaudhary,44,M,Acquaintance
VIC01795,Lucky Sachar,26,F,Acquaintance
VIC01796,Aarna Prashad,14,F,Family member
VIC01797,Charles Jain,22,M,Stranger
VIC01798,Warjas Tailor,25,F,Acquaintance
VIC01799,Ishwar Luthra,35,F,Acquaintance
VIC01800,Eesha Shetty,35,F,Stranger
VIC01801,Dominic Sule,52,M,Acquaintance
VIC01802,Nikita Kaur,24,M,Acquaintance
VIC01803,Amruta Chaudhuri,12,F,Family member
VIC01804,Jeremiah Modi,17,M,Family member
VIC01805,Sanaya Chacko,33,F,Neighbor
VIC01806,Lucky Prakash,23,M,Acquaintance
VIC01807,Yatan Yogi,29,F,Acquaintance
VIC01808,Siya Barman,27,M,Stranger
VIC01809,Ucchal Mann,47,F,Stranger
VIC01810,Aadi Bhasin,25,M,Colleague
VIC01811,Anjali Krishna,28,F,Stranger
VIC01812,Indali Kala,44,M,Stranger
VIC01813,Chakradev Edwin,26,F,Family member
VIC01814,Charita Chakraborty,39,M,Acquaintance
VIC01815,Jason Dey,38,F,Stranger
VIC01816,Rachana Kade,35,M,Family member
VIC01817,Hema Lal,18,F,Stranger
VIC01818,Anjali Korpal,51,M,Colleague
VIC01819,Harita Kade,65,F,Stranger
VIC01820,Falguni Babu,34,M,Acquaintance
VIC01821,Aarnav Soni,19,F,Acquaintance
VIC01822,Aditya Ghose,34,F,Stranger
VIC01823,Vrinda Ramaswamy,47,M,Family member
VIC01824,Faras Yohannan,25,M,Stranger
VIC01825,Sai Dasgupta,32,F,Stranger
VIC01826,Krisha Parmar,38,F,Stranger
VIC01827,Peter Anand,50,M,Stranger
VIC01828,Turvi Prabhakar,44,F,Stranger
VIC01829,Sai Andra,45,F,Stranger
VIC01830,Anmol Mand,28,F,Acquaintance
VIC01831,Rehaan Chana,39,F,Stranger
VIC01832,Timothy Kaur,23,M,Stranger
VIC01833,Janani Bansal,45,M,Stranger
VIC01834,Waida Kadakia,50,F,Stranger
VIC01835,Rohan Randhawa,41,F,Stranger
VIC01836,Arunima Tella,28,M,Family member
VIC01837,Onkar Hari,31,M,Acquaintance
VIC01838,Dhruv Dave,59,F,Stranger
VIC01839,Joshua Lad,29,F,Stranger
VIC01840,Anusha Handa,48,F,Colleague
VIC01841,Zayyan Setty,38,F,Neighbor
VIC01842,Prisha Ben,29,M,Stranger
VIC01843,Rachana Ray,15,M,Stranger
VIC01844,Jairaj Vasa,36,F,Colleague
VIC01845,Warhi Pathak,35,F,Neighbor
VIC01846,Udarsh Batta,59,F,Stranger
VIC01847,Osha Walia,21,M,Stranger
VIC01848,Diya Ahluwalia,66,M,Stranger
VIC01849,Robert Natt,39,M,Acquaintance
VIC01850,Aryan Kara,39,F,Neighbor
VIC01851,Falan Krish,25,M,Acquaintance
VIC01852,Nitesh Narayan,38,F,Stranger
VIC01853,Dev Chatterjee,40,F,Family member
VIC01854,Varsha Sankaran,47,M,Acquaintance
VIC01855,Gaurika Krishna,20,F,Stranger
VIC01856,Hritik Solanki,53,M,Stranger
VIC01857,Harini Bhagat,39,F,Colleague
VIC01858,Zinal Khalsa,42,F,Stranger
VIC01859,Reva Chandran,30,M,Stranger
VIC01860,Jeet Chada,21,F,Stranger
VIC01861,Bahadurjit Purohit,35,M,Acquaintance
VIC01862,Dhruv Datta,36,M,Acquaintance
VIC01863,Riya Bhakta,14,M,Stranger
VIC01864,Rachana Bhatti,45,F,Neighbor
VIC01865,Daksh Ben,47,F,Neighbor
VIC01866,Lakshmi Ratti,23,F,Family member
VIC01867,Nirja Kaul,19,M,Stranger
VIC01868,Sudiksha Rajagopalan,29,M,Acquaintance
VIC01869,Priya Chaudhuri,34,F,Neighbor
VIC01870,Atharv Setty,30,M,Stranger
VIC01871,Reyansh Chokshi,33,F,Stranger
VIC01872,Advik Bir,37,F,Acquaintance
VIC01873,Jonathan Upadhyay,14,F,Stranger
VIC01874,Isha Sama,16,M,Stranger
VIC01875,Sai Grewal,5,F,Stranger
VIC01876,Laksh Basu,47,M,Family member
VIC01877,Joshua Muni,34,F,Stranger
VIC01878,Yochana Parmar,48,M,Family member
VIC01879,Madhav Din,18,M,Neighbor
VIC01880,Dayamai Oza,34,F,Family member
VIC01881,Jyoti Anand,37,M,Stranger
VIC01882,Dakshesh Khanna,26,M,Neighbor
VIC01883,Pahal Padmanabhan,12,M,Stranger
VIC01884,Sai Jaggi,58,F,Family member
VIC01885,Harita Gulati,53,M,Acquaintance
VIC01886,Unni Narula,28,F,Neighbor
VIC01887,Chandani Sahota,41,F,Acquaintance
VIC01888,Nicholas Cheema,27,F,Stranger
VIC01889,Brijesh Tandon,20,F,Family member
VIC01890,Aarush Kapoor,59,M,Acquaintance
VIC01891,Unnati Kala,10,F,Neighbor
VIC01892,Vasana Narula,30,F,Stranger
VIC01893,Samesh Ratta,35,M,Stranger
VIC01894,Abeer Patil,57,M,Family member
VIC01895,Ethan Parmar,46,F,Family member
VIC01896,Ishwar Dhar,10,M,Stranger
VIC01897,Ria Hayer,33,F,Colleague
VIC01898,Caleb Balan,34,F,Stranger
VIC01899,Rudra Mander,30,M,Acquaintance
VIC01900,Theodore Lala,42,F,Colleague
VIC01901,Harinakshi Korpal,14,M,Stranger
VIC01902,Rohan Bains,28,F,Family member
VIC01903,Adweta Chaudhuri,40,M,Acquaintance
VIC01904,Laksh Raghavan,43,M,Stranger
VIC01905,Hamsini Kade,36,F,Stranger
VIC01906,Tanmayi Khatri,29,M,Neighbor
VIC01907,Kashish Garg,32,F,Stranger
VIC01908,Dhruv Dani,44,M,Acquaintance
VIC01909,Kalpit Gupta,34,M,Acquaintance
VIC01910,Kritika Prasad,19,F,Family member
VIC01911,Pushti Konda,16,F,Stranger
VIC01912,Ranbir Wason,13,F,Stranger
VIC01913,Manthan Narang,54,F,Family member
VIC01914,Chatresh Mammen,45,M,Family member
VIC01915,Yashoda Suresh,32,M,Family member
VIC01916,Finn Singhal,27,M,Colleague
VIC01917,Oliver Trivedi,25,M,Family member
VIC01918,Yashodhara Prasad,49,M,Family member
VIC01919,Zilmil Shetty,60,F,Family member
VIC01920,Ekanta Prakash,25,M,Neighbor
VIC01921,Warda Som,49,M,Stranger
VIC01922,Nandini Bansal,34,M,Colleague
VIC01923,Theodore Jain,31,F,Family member
VIC01924,Wahab Randhawa,55,F,Acquaintance
VIC01925,Damini Sandal,33,M,Acquaintance
VIC01926,Naksh Prasad,38,F,Family member
VIC01927,Frado Desai,37,M,Acquaintance
VIC01928,Chakrika Saxena,11,M,Acquaintance
VIC01929,Victor Barman,38,M,Neighbor
VIC01930,Yauvani Nayar,26,M,Stranger
VIC01931,Shravya Sibal,14,F,Acquaintance
VIC01932,Nilima Pillai,26,F,Family member
VIC01933,Edhitha Mahajan,26,F,Stranger
VIC01934,Aryan Gola,48,M,Stranger
VIC01935,Vivaan Lanka,19,F,Stranger
VIC01936,Jagrati Butala,22,M,Stranger
VIC01937,Yachana Varghese,37,F,Family member
VIC01938,Aradhana Kari,15,M,Family member
VIC01939,Jagat Bora,24,F,Acquaintance
VIC01940,Balvan Iyer,10,F,Stranger
VIC01941,Ronith Narayan,46,F,Stranger
VIC01942,Chasmum Maharaj,29,F,Neighbor
VIC01943,Lakshit Lal,33,M,Colleague
VIC01944,Chandani Manda,46,M,Stranger
VIC01945,Netra Ravi,23,F,Acquaintance
VIC01946,Urmi Vala,29,F,Colleague
VIC01947,Mitali Kari,19,F,Stranger
VIC01948,Shaurya Som,19,M,Stranger
VIC01949,Zaitra Sidhu,21,M,Acquaintance
VIC01950,Harini Chada,27,F,Acquaintance
VIC01951,Raghav Sanghvi,28,M,Acquaintance
VIC01952,Shaurya Sarna,38,F,Acquaintance
VIC01953,Ayushman Prasad,21,F,Neighbor
VIC01954,Kabir Mody,38,F,Stranger
VIC01955,Xalak Pant,40,F,Stranger
VIC01956,Umang Saini,27,M,Stranger
VIC01957,Netra Yogi,22,M,Acquaintance
VIC01958,Eshana Bajaj,35,M,Stranger
VIC01959,Liam Dube,31,F,Acquaintance
VIC01960,Mahika Raj,37,M,Family member
VIC01961,Mahika Bhatt,55,F,Stranger
VIC01962,Raghav Soman,34,M,Acquaintance
VIC01963,Falguni Seth,25,M,Acquaintance
VIC01964,Girik Garg,21,M,Stranger
VIC01965,Peter Balay,22,F,Family member
VIC01966,Avi Grover,13,M,Family member
VIC01967,Ekaraj Raju,47,M,Acquaintance
VIC01968,Samesh Kaul,5,F,Family member
VIC01969,Ekaraj Sha,40,M,Acquaintance
VIC01970,Jyoti Vasa,21,F,Family member
VIC01971,Onveer Narain,26,F,Stranger
VIC01972,Mahika Dugar,21,F,Colleague
VIC01973,Kai Yadav,54,F,Stranger
VIC01974,Vanya Biswas,34,F,Stranger
VIC01975,Samuel De,45,F,Family member
VIC01976,Dayita Sankaran,52,M,Stranger
VIC01977,Nathan Mukherjee,36,M,Stranger
VIC01978,Yadavi Shanker,17,F,Neighbor
VIC01979,Saksham Amble,30,M,Colleague
VIC01980,Sanaya Bhatt,23,M,Stranger
VIC01981,Yatin Vora,26,F,Stranger
VIC01982,Vritti Sharma,32,F,Stranger
VIC01983,Balveer Chand,32,M,Neighbor
VIC01984,Tanmayi Palan,39,M,Family member
VIC01985,Mahika Gill,41,F,Stranger
VIC01986,Zaid Gola,32,F,Acquaintance
VIC01987,Tanvi Rajagopalan,39,F,Colleague
VIC01988,Girish Ramaswamy,26,M,Acquaintance
VIC01989,Wriddhish Dugar,52,M,Stranger
VIC01990,Bishakha Bhavsar,26,F,Stranger
VIC01991,Wakeeta Sabharwal,50,M,Stranger
VIC01992,Jyoti Bose,13,F,Colleague
VIC01993,Yamini Nanda,28,F,Stranger
VIC01994,Shravya Gala,29,M,Stranger
VIC01995,Sarthak Toor,37,F,Stranger
VIC01996,Turvi Bala,46,M,Stranger
VIC01997,Triya Raj,16,F,Stranger
VIC01998,Mohini Hayer,18,M,Stranger
VIC01999,Baljiwan Anne,14,M,Acquaintance
VIC02000,Ishwar Deshpande,52,F,Stranger
VIC02001,Ucchal Sundaram,38,F,Colleague
VIC02002,Ekansh Butala,18,F,Stranger
VIC02003,Raksha Dey,27,M,Acquaintance
VIC02004,Arya Edwin,50,F,Acquaintance
VIC02005,Andrew Chaudhry,30,M,Stranger
VIC02006,Chaitaly Dash,29,F,Stranger
VIC02007,Om Brahmbhatt,23,M,Acquaintance
VIC02008,Anjali Dube,19,M,Stranger
VIC02009,Ishita Gokhale,50,M,Acquaintance
VIC02010,Bakhshi Walia,57,M,Acquaintance
VIC02011,Riya Batta,20,M,Stranger
VIC02012,Madhavi Morar,53,M,Neighbor
VIC02013,Charles Agrawal,27,M,Stranger
VIC02014,Krishna Jaggi,41,M,Colleague
VIC02015,Kavya Khare,53,M,Stranger
VIC02016,Gavin Babu,31,F,Stranger
VIC02017,Ayaan Atwal,29,F,Stranger
VIC02018,Rehaan Bhatnagar,45,F,Stranger
VIC02019,Gopal Ganesh,18,F,Family member
VIC02020,Chaitanya Sagar,50,F,Acquaintance
VIC02021,Eta Naidu,35,F,Neighbor
VIC02022,Sarthak Rana,25,M,Neighbor
VIC02023,Jai Kata,25,M,Stranger
VIC02024,Hitesh Parikh,14,F,Colleague
VIC02025,Oscar Aurora,26,F,Acquaintance
VIC02026,Diya Arora,30,F,Stranger
VIC02027,Simon Shanker,19,M,Stranger
VIC02028,Dominic Mallick,33,M,Stranger
VIC02029,Caleb Bhavsar,40,M,Stranger
VIC02030,Nirja Mitra,31,F,Stranger
VIC02031,Harsh Yadav,43,F,Colleague
VIC02032,Zayan Chandran,22,F,Stranger
VIC02033,Lipika Deol,48,F,Family member
VIC02034,Parth Nadkarni,35,M,Colleague
VIC02035,Ekansh Nayak,55,F,Acquaintance
VIC02036,Saumya Raja,67,M,Stranger
VIC02037,Yahvi Arya,27,F,Neighbor
VIC02038,Ansh Dash,27,F,Stranger
VIC02039,Warjas Sangha,30,F,Neighbor
VIC02040,Fariq Bhasin,42,M,Stranger
VIC02041,Kavya Tara,52,M,Stranger
VIC02042,Saksham Doshi,24,F,Neighbor
VIC02043,Samarth Barad,39,M,Stranger
VIC02044,Sachi Narasimhan,32,F,Acquaintance
VIC02045,Arunima Nadkarni,42,M,Neighbor
VIC02046,Oeshi Mani,55,F,Stranger
VIC02047,Veer Narula,30,M,Family member
VIC02048,Xavier Jha,10,M,Acquaintance
VIC02049,Yuvraj Kapadia,44,F,Neighbor
VIC02050,Ekanta Goswami,22,F,Stranger
VIC02051,Abeer Bhattacharyya,31,F,Neighbor
VIC02052,Ekaraj Hans,45,F,Family member
VIC02053,Lohit Jayaraman,38,F,Family member
VIC02054,Gavin Ghose,32,M,Family member
VIC02055,Warinder Tripathi,25,F,Family member
VIC02056,Pooja Sibal,5,F,Acquaintance
VIC02057,Nitesh Hora,43,F,Acquaintance
VIC02058,Panini Goda,30,F,Acquaintance
VIC02059,Chavvi Mangal,55,F,Acquaintance
VIC02060,Saksham Magar,39,M,Stranger
VIC02061,Fariq Parsa,26,F,Acquaintance
VIC02062,Krishna Ganesh,48,F,Stranger
VIC02063,Ridhi Sami,50,M,Stranger
VIC02064,Nachiket Subramaniam,30,M,Neighbor
VIC02065,Lakshmi Sane,50,M,Acquaintance
VIC02066,Charita Yogi,26,F,Stranger
VIC02067,Parth Kurian,36,M,Stranger
VIC02068,Ubika Mohan,41,M,Family member
VIC02069,Bhanumati Prashad,44,F,Stranger
VIC02070,Ekbal Nath,42,M,Neighbor
VIC02071,Upasna Hayre,29,F,Family member
VIC02072,Ranveer Agrawal,49,M,Stranger
VIC02073,Xiti Prasad,32,F,Stranger
VIC02074,Nidhi Sagar,26,M,Acquaintance
VIC02075,Kashvi Rajagopalan,26,M,Stranger
VIC02076,Darika Bobal,61,M,Neighbor
VIC02077,Balvan Dash,23,M,Stranger
VIC02078,Nicholas Hari,52,M,Stranger
VIC02079,Aadhya Pall,18,M,Acquaintance
VIC02080,Jyoti Bhardwaj,40,M,Stranger
VIC02081,Panini Koshy,38,M,Stranger
VIC02082,Vanya Banerjee,56,F,Stranger
VIC02083,Ayaan Divan,24,M,Stranger
VIC02084,Tamanna Din,20,M,Stranger
VIC02085,Yug Edwin,32,F,Stranger
VIC02086,Jackson Chanda,57,M,Family member
VIC02087,Mitali Buch,21,M,Stranger
VIC02088,Pallavi Gandhi,5,M,Stranger
VIC02089,Zayyan Mittal,34,F,Stranger
VIC02090,Darika Sabharwal,47,M,Stranger
VIC02091,Ikbal Padmanabhan,19,M,Family member
VIC02092,Amruta Kadakia,45,F,Stranger
VIC02093,Darika Ahuja,19,M,Stranger
VIC02094,Vyanjana Agarwal,31,F,Stranger
VIC02095,Ekaraj Sahni,44,M,Acquaintance
VIC02096,Bhavya Sankar,17,F,Family member
VIC02097,Patrick Prasad,36,M,Family member
VIC02098,Krish Hora,51,F,Acquaintance
VIC02099,Qabil Thakkar,40,F,Family member
VIC02100,Shravya Kala,23,M,Stranger
VIC02101,Sai Bhargava,55,M,Stranger
VIC02102,Rehaan Lad,43,M,Acquaintance
VIC02103,Ridhi Chopra,7,F,Stranger
VIC02104,Fariq Memon,46,F,Stranger
VIC02105,Krishna Dash,26,F,Family member
VIC02106,Devansh Oommen,36,M,Stranger
VIC02107,Wahab Sridhar,48,M,Family member
VIC02108,Harrison Andra,26,M,Stranger
VIC02109,Amaira Amble,10,M,Stranger
VIC02110,Gunbir Kakar,55,F,Neighbor
VIC02111,Keya Venkatesh,50,F,Stranger
VIC02112,Vedika Solanki,32,F,Stranger
VIC02113,Pushti Nayar,45,F,Family member
VIC02114,Hemal Murty,28,F,Acquaintance
VIC02115,Jalsa Rastogi,35,M,Colleague
VIC02116,Dakshesh Parekh,31,F,Acquaintance
VIC02117,Harish Aggarwal,29,M,Stranger
VIC02118,Neelima Dewan,39,M,Colleague
VIC02119,Jason Wali,17,F,Stranger
VIC02120,Yuvraj Pillay,30,F,Stranger
VIC02121,Vaishnavi Varma,38,M,Stranger
VIC02122,Raghav Aggarwal,59,M,Acquaintance
VIC02123,Anay Parsa,17,M,Stranger
VIC02124,Eshana Sawhney,41,M,Acquaintance
VIC02125,Vedhika Ratta,42,F,Stranger
VIC02126,Ijaya Sangha,7,M,Stranger
VIC02127,Harish Rajan,39,M,Stranger
VIC02128,Robert Dhar,46,M,Stranger
VIC02129,Joshua Tank,42,M,Stranger
VIC02130,Charvi Sibal,32,F,Stranger
VIC02131,Sanaya D’Alia,38,M,Neighbor
VIC02132,Wridesh Kohli,36,M,Stranger
VIC02133,Onkar Chakraborty,10,F,Stranger
VIC02134,Radhika Balakrishnan,36,M,Stranger
VIC02135,Eta Rajagopal,28,M,Acquaintance
VIC02136,Thomas Kurian,24,F,Stranger
VIC02137,Jatin Deshpande,68,F,Stranger
VIC02138,Gautam Natarajan,51,F,Acquaintance
VIC02139,Dhruv Oza,17,M,Acquaintance
VIC02140,Lakshmi Sarkar,38,M,Stranger
VIC02141,Udant Lad,54,F,Stranger
VIC02142,Bina Chahal,13,F,Stranger
VIC02143,Gaurav Oak,35,F,Neighbor
VIC02144,Jack Pillai,35,F,Stranger
VIC02145,Dhriti Rai,16,F,Neighbor
VIC02146,Deepa Bhatia,39,M,Acquaintance
VIC02147,Lipika Sampath,49,M,Family member
VIC02148,Janya Date,55,F,Stranger
VIC02149,Hredhaan Rana,30,F,Stranger
VIC02150,Triveni Mutti,69,M,Acquaintance
VIC02151,Chaman Kanda,5,M,Neighbor
VIC02152,Tamanna Din,38,F,Neighbor
VIC02153,Madhav Banerjee,14,F,Neighbor
VIC02154,Dayamai Thakkar,35,M,Family member
VIC02155,Anusha Sridhar,26,F,Stranger
VIC02156,Warda Manne,41,M,Neighbor
VIC02157,Daniel Nath,32,M,Stranger
VIC02158,Shivansh Kar,22,F,Acquaintance
VIC02159,Praneel Sura,23,M,Stranger
VIC02160,Chandani Dutta,61,F,Family member
VIC02161,Manya Nazareth,40,F,Family member
VIC02162,Urvashi Pall,10,M,Acquaintance
VIC02163,Mahika Bora,41,F,Colleague
VIC02164,Barkha Hayer,31,M,Family member
VIC02165,Gunbir Deep,34,M,Family member
VIC02166,Chatura Modi,45,M,Stranger
VIC02167,Nihal Devan,50,M,Stranger
VIC02168,Vasudha Manne,21,M,Acquaintance
VIC02169,Shaurya Kamdar,33,F,Family member
VIC02170,Aditya Pathak,26,M,Family member
VIC02171,Manbir Puri,42,F,Stranger
VIC02172,Om Bhalla,30,M,Family member
VIC02173,Ishani Som,34,F,Stranger
VIC02174,Charles Dalal,30,M,Stranger
VIC02175,Radha Dixit,32,M,Stranger
VIC02176,Yash Bandi,57,F,Neighbor
VIC02177,Wridesh Ranganathan,67,M,Family member
VIC02178,Chasmum Gera,39,F,Stranger
VIC02179,Gaurav Sheth,32,F,Acquaintance
VIC02180,Anvi Saxena,11,M,Stranger
VIC02181,Advay Dar,23,F,Stranger
VIC02182,Fitan Dara,32,M,Family member
VIC02183,Yashodhara Kar,23,F,Family member
VIC02184,Varsha Mahal,25,M,Acquaintance
VIC02185,Pratyush Rajagopalan,56,M,Stranger
VIC02186,Radha Misra,34,F,Family member
VIC02187,Hardik Nanda,35,M,Colleague
VIC02188,Qasim Ravi,24,M,Colleague
VIC02189,Meera Yadav,50,F,Colleague
VIC02190,Devansh Venkataraman,31,F,Family member
VIC02191,Sarthak Dalal,26,M,Family member
VIC02192,Pranit Ahluwalia,11,M,Acquaintance
VIC02193,Dipta Das,33,F,Acquaintance
VIC02194,Kabir Jhaveri,26,F,Family member
VIC02195,Gagan Kunda,57,M,Stranger
VIC02196,Frado Dash,59,F,Family member
VIC02197,Januja Garg,16,F,Stranger
VIC02198,Aadi Kothari,18,M,Family member
VIC02199,Chakradhar Venkataraman,30,M,Neighbor
VIC02200,Sai Dey,22,M,Stranger
VIC02201,Dhriti Virk,37,M,Neighbor
VIC02202,Yashvi Kadakia,29,M,Stranger
VIC02203,Chaitanya Khalsa,37,F,Acquaintance
VIC02204,Raghav Dhar,48,M,Stranger
VIC02205,Tanveer Desai,19,M,Stranger
VIC02206,Jagrati Mall,47,F,Stranger
VIC02207,Pahal Borde,23,M,Stranger
VIC02208,Abha Raj,64,F,Colleague
VIC02209,Mugdha Shan,56,M,Acquaintance
VIC02210,Aachal Sandal,32,F,Family member
VIC02211,Samar Bobal,20,F,Stranger
VIC02212,Reyansh Pradhan,17,M,Family member
VIC02213,Oni Dube,46,F,Acquaintance
VIC02214,Radha Raghavan,33,M,Stranger
VIC02215,Yug Brahmbhatt,46,M,Stranger
VIC02216,Jeet Wali,64,F,Stranger
VIC02217,Niharika Bhatti,23,F,Colleague
VIC02218,Gaurav Patil,16,M,Family member
VIC02219,Anjali Dhingra,36,M,Family member
VIC02220,Anusha Anne,50,M,Stranger
VIC02221,Krishna Kapadia,20,F,Stranger
VIC02222,Henry Dasgupta,34,M,Stranger
VIC02223,Damini Suri,53,M,Stranger
VIC02224,Ikshita Manda,11,F,Acquaintance
VIC02225,Hardik Bava,37,M,Family member
VIC02226,Eesha Ramachandran,26,M,Stranger
VIC02227,Hemani Wali,35,M,Family member
VIC02228,Vansha Datta,43,M,Neighbor
VIC02229,Aditya Varghese,37,M,Stranger
VIC02230,Jonathan Dhar,19,M,Acquaintance
VIC02231,Amara Bera,26,M,Neighbor
VIC02232,Zaid Sahota,53,M,Neighbor
VIC02233,Qadim Sarna,38,F,Stranger
VIC02234,Upadhriti Thakkar,45,M,Stranger
VIC02235,Anya Sangha,37,M,Colleague
VIC02236,Dalaja Chahal,45,M,Acquaintance
VIC02237,Niharika Munshi,28,M,Neighbor
VIC02238,Fariq Bose,23,F,Neighbor
VIC02239,Girik Gandhi,44,F,Stranger
VIC02240,Frado Mangal,49,F,Acquaintance
VIC02241,Advaith Samra,21,F,Stranger
VIC02242,Varsha Tank,25,F,Stranger
VIC02243,Nidra Atwal,31,F,Stranger
VIC02244,Abhimanyu Sandal,56,M,Neighbor
VIC02245,Yash Wable,41,F,Neighbor
VIC02246,Saumya Ganguly,15,F,Family member
VIC02247,Parth Borde,32,M,Stranger
VIC02248,Kiaan Varkey,30,F,Stranger
VIC02249,Charan Sami,17,F,Stranger
VIC02250,Ladli Garde,32,M,Family member
VIC02251,Isaiah Nigam,29,F,Stranger
VIC02252,Jacob Mannan,28,M,Acquaintance
VIC02253,Vasudha Memon,28,F,Stranger
VIC02254,Tanay Agate,54,M,Colleague
VIC02255,Teerth Mody,28,M,Stranger
VIC02256,Ubika Sura,34,M,Stranger
VIC02257,Ishani Ahuja,33,F,Stranger
VIC02258,Falguni Misra,26,F,Stranger
VIC02259,Hredhaan Ahluwalia,35,F,Acquaintance
VIC02260,Quincy Ratti,34,M,Stranger
VIC02261,Aditya Chaudhuri,35,M,Acquaintance
VIC02262,Vyanjana Hora,21,F,Family member
VIC02263,Yoshita Dube,31,M,Acquaintance
VIC02264,Jatin Sura,44,M,Acquaintance
VIC02265,Nachiket Krishna,31,F,Family member
VIC02266,Upma Rana,36,F,Stranger
VIC02267,Chandani Patla,36,M,Colleague
VIC02268,Qabil Yadav,39,M,Acquaintance
VIC02269,Ikbal Sarna,41,F,Neighbor
VIC02270,Neel Dey,31,M,Stranger
VIC02271,Radha Ahluwalia,21,F,Neighbor
VIC02272,Rushil Choudhry,16,F,Stranger
VIC02273,Bhavani Baria,48,M,Neighbor
VIC02274,Megha Sama,44,F,Neighbor
VIC02275,Azad Dyal,43,M,Family member
VIC02276,Varenya Lata,45,M,Stranger
VIC02277,Oviya Suresh,31,F,Family member
VIC02278,Joshua Nair,25,M,Stranger
VIC02279,Yachana Ramachandran,20,F,Stranger
VIC02280,Imaran Chokshi,18,F,Acquaintance
VIC02281,Jonathan Dugal,50,M,Family member
VIC02282,Xiti Arya,27,F,Stranger
VIC02283,Charles Oommen,48,M,Stranger
VIC02284,Abhiram Saraf,31,M,Acquaintance
VIC02285,Bimala Manda,24,F,Stranger
VIC02286,Fitan Sanghvi,18,M,Family member
VIC02287,Michael Vaidya,25,F,Acquaintance
VIC02288,Zaid Mand,53,M,Stranger
VIC02289,Adya Kota,18,M,Family member
VIC02290,Rushil Som,63,F,Stranger
VIC02291,Yadavi Golla,22,M,Neighbor
VIC02292,Manthan Karnik,44,M,Family member
VIC02293,Kevin Rattan,31,M,Stranger
VIC02294,Anusha Handa,29,F,Acquaintance
VIC02295,Pooja Badami,16,F,Acquaintance
VIC02296,Gavin Behl,32,F,Neighbor
VIC02297,Nikita Vohra,17,M,Family member
VIC02298,Vihaan Kapadia,10,M,Stranger
VIC02299,Pooja Srinivas,35,F,Acquaintance
VIC02300,Yashvi Sane,25,F,Stranger
VIC02301,Daksha Choudhary,57,M,Acquaintance
VIC02302,Januja Mand,48,M,Stranger
VIC02303,Omya Koshy,57,F,Acquaintance
VIC02304,Champak Gopal,24,F,Family member
VIC02305,Aadi Ben,35,M,Stranger
VIC02306,Simon Mangal,5,F,Family member
VIC02307,Ati Chaudhuri,30,M,Family member
VIC02308,Qasim Krishnan,35,F,Stranger
VIC02309,Januja Natt,36,M,Stranger
VIC02310,Isaac Chatterjee,33,F,Family member
VIC02311,Kalpit Narula,34,M,Stranger
VIC02312,Janaki Wadhwa,5,F,Stranger
VIC02313,Wazir Majumdar,37,F,Family member
VIC02314,Leena Chahal,40,M,Acquaintance
VIC02315,Kalpit Dara,52,F,Stranger
VIC02316,Rayaan Hans,39,M,Colleague
VIC02317,Hardik Borde,32,F,Acquaintance
VIC02318,Charvi Som,49,F,Stranger
VIC02319,Mitesh Bassi,5,M,Neighbor
VIC02320,Rehaan Sahota,26,M,Stranger
VIC02321,Idika Pau,23,M,Stranger
VIC02322,Jacob Sarin,33,M,Family member
VIC02323,Vasudha Saini,5,F,Colleague
VIC02324,Ojas Mahal,52,F,Stranger
VIC02325,Bimala Bath,30,M,Family member
VIC02326,Ranveer Rao,38,M,Family member
VIC02327,Yochana Borde,37,M,Acquaintance
VIC02328,Raksha Upadhyay,51,M,Acquaintance
VIC02329,Madhavi Rattan,7,F,Stranger
VIC02330,Samuel Gour,35,M,Stranger
VIC02331,Nathaniel Kamdar,50,F,Stranger
VIC02332,Yochana Shah,32,F,Neighbor
VIC02333,Chavvi Kannan,20,F,Acquaintance
VIC02334,Amrita Dani,25,F,Stranger
VIC02335,Udarsh Bath,28,F,Acquaintance
VIC02336,Bishakha Baral,23,F,Acquaintance
VIC02337,Arunima Deol,31,F,Stranger
VIC02338,Charan Kothari,55,F,Stranger
VIC02339,Jack Agarwal,25,M,Neighbor
VIC02340,Jyoti Nair,27,M,Neighbor
VIC02341,Aishani Deol,40,F,Stranger
VIC02342,Chaitaly Nair,31,M,Acquaintance
VIC02343,Advaith Parekh,15,M,Stranger
VIC02344,Ati Goda,33,F,Stranger
VIC02345,Amol Yogi,32,F,Stranger
VIC02346,Lavanya Kurian,47,F,Acquaintance
VIC02347,Riya Kannan,20,F,Family member
VIC02348,Amruta Jani,47,M,Stranger
VIC02349,Nachiket Sehgal,32,M,Neighbor
VIC02350,Radha Pillay,18,M,Stranger
VIC02351,Varenya Chander,15,M,Stranger
VIC02352,Pratyush Sharaf,61,M,Family member
VIC02353,Patrick Gulati,31,M,Stranger
VIC02354,Pranit Manda,47,M,Neighbor
VIC02355,Dayita Gaba,10,F,Stranger
VIC02356,Meera Guha,70,M,Acquaintance
VIC02357,Luke Bora,46,M,Neighbor
VIC02358,Yatan Sha,30,M,Neighbor
VIC02359,Harish Vyas,29,F,Stranger
VIC02360,Advik Chaudhry,44,M,Family member
VIC02361,Leena Bail,43,F,Stranger
VIC02362,Agastya Bassi,36,F,Acquaintance
VIC02363,Yuvraj Chacko,34,M,Neighbor
VIC02364,Luke Arya,41,F,Acquaintance
VIC02365,Hitesh Nigam,9,F,Family member
VIC02366,Samaksh Dewan,28,M,Family member
VIC02367,Sachi Gade,10,M,Neighbor
VIC02368,Garima Srinivas,42,M,Stranger
VIC02369,Yagnesh Bhalla,24,M,Stranger
VIC02370,Jatin Bail,11,M,Stranger
VIC02371,Harshil Minhas,22,M,Stranger
VIC02372,Yasti Sagar,36,F,Neighbor
VIC02373,Aarav Kapur,31,M,Stranger
VIC02374,Utkarsh Sane,17,F,Neighbor
VIC02375,Manan Pandit,10,F,Family member
VIC02376,Upkaar Rajagopalan,35,M,Stranger
VIC02377,Vyanjana Gara,25,M,Colleague
VIC02378,Udarsh Chaudry,30,M,Family member
VIC02379,Ishanvi Bose,31,M,Stranger
VIC02380,Jagat Patel,40,M,Stranger
VIC02381,Caleb Dora,45,M,Acquaintance
VIC02382,Priya Wali,36,M,Stranger
VIC02383,Pratyush Sandal,29,F,Stranger
VIC02384,Charvi Mangat,34,F,Stranger
VIC02385,Hemang Madan,29,M,Stranger
VIC02386,Jyoti Lanka,11,M,Neighbor
VIC02387,Aarnav Dixit,49,F,Acquaintance
VIC02388,Ekaja Divan,46,M,Acquaintance
VIC02389,Sanya Sridhar,61,M,Stranger
VIC02390,Isaiah Sane,65,M,Stranger
VIC02391,Maanav Chana,17,F,Neighbor
VIC02392,Joshua Gopal,29,F,Acquaintance
VIC02393,Ira Nagar,69,M,Family member
VIC02394,Panini Srivastava,33,M,Neighbor
VIC02395,Gauri Devi,37,M,Family member
VIC02396,Leela Sahota,12,M,Stranger
VIC02397,Waida Walia,36,M,Stranger
VIC02398,Leena Chacko,61,F,Stranger
VIC02399,Theodore Chahal,52,F,Stranger
VIC02400,Janaki Agate,25,F,Stranger
